{
  "fd": 3,
  "checkpoint": "C:\\Users\\micha\\zGTFinal\\outputs\\final_local_fd003\\model_fd003.pt",
  "calibration_file": "C:\\Users\\micha\\zGTFinal\\outputs\\final_local_fd003\\calibration_bundle_fd003.npz",
  "checkpoint_leakage_flag": true,
  "calibration_size": 4361,
  "pred_source": "cache:outputs\\phd_ultra\\fd003\\ablation\\m0p0_b8_mbs128\\audit_cache_fd003.npz",
  "tem_fleet_source": "tem_metrics:outputs\\phd_ultra\\fd003\\ablation\\m0p0_b8_mbs128\\tem_metrics_fd003.json",
  "num_runs": 100,
  "num_points": 13696,
  "use_conditional_calibration": true,
  "cap_implied_rul": true,
  "compute_tau_diagnostics": true,
  "predict_batch_size": 8192,
  "pvalue_safety_margin": 0.0,
  "pvalue_all": {
    "n": 13696,
    "mean_p": 0.5629380249620632,
    "frac_le_0.1": 0.08973422897196262,
    "frac_le_0.2": 0.18268107476635514,
    "frac_le_0.5": 0.4237003504672897,
    "superuniform_margin_0.1": 0.010265771028037385,
    "superuniform_margin_0.2": 0.017318925233644866,
    "superuniform_margin_0.5": 0.07629964953271029
  },
  "pvalue_healthy_prefix": {
    "n": 10457,
    "mean_p": 0.6094204613316831,
    "frac_le_0.1": 0.05651716553504829,
    "frac_le_0.2": 0.1413407286984795,
    "frac_le_0.5": 0.37123457970737306,
    "superuniform_margin_0.1": 0.043482834464951714,
    "superuniform_margin_0.2": 0.058659271301520516,
    "superuniform_margin_0.5": 0.12876542029262694
  },
  "tem_fleet": {
    "num_engines": 100,
    "num_tau_diagnostics_engines": 85,
    "num_alerted": 1,
    "alert_rate": 0.01,
    "mean_first_alert_step": 181.0,
    "mean_temporal_rul_coverage": 0.9605572942182817,
    "mean_temporal_tau_coverage": 0.9568569159478013,
    "tau_anytime_violation_rate": 0.1411764705882353
  },
  "notes": {
    "superuniform_reference": {
      "frac_le_0.1_should_be_<=~": 0.1,
      "frac_le_0.2_should_be_<=~": 0.2,
      "frac_le_0.5_should_be_<=~": 0.5
    }
  }
}