{
  "fd": 2,
  "checkpoint": "outputs\\fd002_deepfix\\model_fd002.pt",
  "calibration_file": "outputs\\fd002_deepfix\\calibration_residuals_fd002.npy",
  "checkpoint_leakage_flag": true,
  "calibration_size": 3331,
  "pvalue_all": {
    "n": 26511,
    "mean_p": 0.4657604696286119,
    "frac_le_0.1": 0.06510505073365773,
    "frac_le_0.2": 0.20742333371053526,
    "frac_le_0.5": 0.568933650182943
  },
  "pvalue_healthy_prefix": {
    "n": 17850,
    "mean_p": 0.49453838678328477,
    "frac_le_0.1": 0.06380952380952382,
    "frac_le_0.2": 0.19047619047619047,
    "frac_le_0.5": 0.5192717086834734
  },
  "tem_fleet": {
    "num_engines": 259,
    "num_alerted": 8,
    "alert_rate": 0.03088803088803089,
    "mean_first_alert_step": 123.375,
    "mean_temporal_rul_coverage": 0.8949728502893296,
    "mean_temporal_tau_coverage": 0.7606648461573023,
    "tau_anytime_violation_rate": 0.6872586872586872
  },
  "notes": {
    "superuniform_reference": {
      "frac_le_0.1_should_be_<=~": 0.1,
      "frac_le_0.2_should_be_<=~": 0.2,
      "frac_le_0.5_should_be_<=~": 0.5
    }
  }
}