{
  "fd": 1,
  "checkpoint": "outputs\\_pub_fd001_valcal\\model_fd001.pt",
  "calibration_file": "outputs\\_pub_fd001_valcal\\calibration_bundle_fd001.npz",
  "checkpoint_leakage_flag": true,
  "calibration_size": 3913,
  "pred_source": "cache:outputs\\_pub_fd001_valcal\\audit_cache_fd001.npz",
  "tem_fleet_source": "tem_metrics:outputs\\_pub_fd001_valcal\\tem_metrics_fd001.json",
  "num_runs": 100,
  "num_points": 10196,
  "use_conditional_calibration": true,
  "cap_implied_rul": true,
  "compute_tau_diagnostics": true,
  "predict_batch_size": 8192,
  "pvalue_all": {
    "n": 10196,
    "mean_p": 0.569484310390324,
    "frac_le_0.1": 0.06365241271086701,
    "frac_le_0.2": 0.12828560219693996,
    "frac_le_0.5": 0.39525304040800313,
    "superuniform_margin_0.1": 0.036347587289132996,
    "superuniform_margin_0.2": 0.07171439780306005,
    "superuniform_margin_0.5": 0.10474695959199687
  },
  "pvalue_healthy_prefix": {
    "n": 7069,
    "mean_p": 0.5615037047373632,
    "frac_le_0.1": 0.07525816947234404,
    "frac_le_0.2": 0.1423115009195077,
    "frac_le_0.5": 0.4069882585938605,
    "superuniform_margin_0.1": 0.024741830527655967,
    "superuniform_margin_0.2": 0.05768849908049231,
    "superuniform_margin_0.5": 0.09301174140613949
  },
  "tem_fleet": {
    "num_engines": 100,
    "num_tau_diagnostics_engines": 89,
    "num_alerted": 0,
    "alert_rate": 0.0,
    "mean_first_alert_step": -1.0,
    "mean_temporal_rul_coverage": 0.9573591222528228,
    "mean_temporal_tau_coverage": 0.9546898169299297,
    "tau_anytime_violation_rate": 0.10112359550561797
  },
  "notes": {
    "superuniform_reference": {
      "frac_le_0.1_should_be_<=~": 0.1,
      "frac_le_0.2_should_be_<=~": 0.2,
      "frac_le_0.5_should_be_<=~": 0.5
    }
  }
}