{
  "fd": 1,
  "checkpoint": "outputs/fd001_phd_final/model_fd001.pt",
  "calibration_file": "outputs/fd001_phd_final/calibration_bundle_fd001.npz",
  "checkpoint_leakage_flag": true,
  "calibration_size": 2625,
  "use_conditional_calibration": false,
  "cap_implied_rul": true,
  "compute_tau_diagnostics": true,
  "pvalue_all": {
    "n": 10196,
    "mean_p": 0.4767957402765656,
    "frac_le_0.1": 0.11857591212240094,
    "frac_le_0.2": 0.20645351118085523,
    "frac_le_0.5": 0.5306983130639467,
    "superuniform_margin_0.1": -0.018575912122400937,
    "superuniform_margin_0.2": -0.006453511180855215,
    "superuniform_margin_0.5": -0.03069831306394666
  },
  "pvalue_healthy_prefix": {
    "n": 7069,
    "mean_p": 0.5063397495064696,
    "frac_le_0.1": 0.09449710001414627,
    "frac_le_0.2": 0.17569670391851747,
    "frac_le_0.5": 0.4839439807610695,
    "superuniform_margin_0.1": 0.0055028999858537375,
    "superuniform_margin_0.2": 0.024303296081482545,
    "superuniform_margin_0.5": 0.01605601923893052
  },
  "tem_fleet": {
    "num_engines": 100,
    "num_tau_diagnostics_engines": 89,
    "num_alerted": 2,
    "alert_rate": 0.02,
    "mean_first_alert_step": 126.5,
    "mean_temporal_rul_coverage": 0.969102258844352,
    "mean_temporal_tau_coverage": 0.9680924256678112,
    "tau_anytime_violation_rate": 0.0898876404494382
  },
  "notes": {
    "superuniform_reference": {
      "frac_le_0.1_should_be_<=~": 0.1,
      "frac_le_0.2_should_be_<=~": 0.2,
      "frac_le_0.5_should_be_<=~": 0.5
    }
  }
}