{
  "fd": 1,
  "checkpoint": "C:\\Users\\micha\\zGTFinal\\outputs\\final_local_fd001\\model_fd001.pt",
  "calibration_file": "C:\\Users\\micha\\zGTFinal\\outputs\\final_local_fd001\\calibration_bundle_fd001.npz",
  "checkpoint_leakage_flag": true,
  "calibration_size": 3913,
  "pred_source": "cache:outputs\\phd_ultra\\fd001\\ablation\\m0p0_b8_mbs128\\audit_cache_fd001.npz",
  "tem_fleet_source": "tem_metrics:outputs\\phd_ultra\\fd001\\ablation\\m0p0_b8_mbs128\\tem_metrics_fd001.json",
  "num_runs": 100,
  "num_points": 10196,
  "use_conditional_calibration": true,
  "cap_implied_rul": true,
  "compute_tau_diagnostics": true,
  "predict_batch_size": 8192,
  "pvalue_safety_margin": 0.0,
  "pvalue_all": {
    "n": 10196,
    "mean_p": 0.5595447414619871,
    "frac_le_0.1": 0.0902314633189486,
    "frac_le_0.2": 0.1594743036484896,
    "frac_le_0.5": 0.4092781482934484,
    "superuniform_margin_0.1": 0.009768536681051404,
    "superuniform_margin_0.2": 0.040525696351510404,
    "superuniform_margin_0.5": 0.09072185170655162
  },
  "pvalue_healthy_prefix": {
    "n": 7069,
    "mean_p": 0.5707553885443605,
    "frac_le_0.1": 0.07044843683689347,
    "frac_le_0.2": 0.12972131843259302,
    "frac_le_0.5": 0.39581270335266655,
    "superuniform_margin_0.1": 0.02955156316310653,
    "superuniform_margin_0.2": 0.07027868156740699,
    "superuniform_margin_0.5": 0.10418729664733345
  },
  "tem_fleet": {
    "num_engines": 100,
    "num_tau_diagnostics_engines": 89,
    "num_alerted": 1,
    "alert_rate": 0.01,
    "mean_first_alert_step": 125.0,
    "mean_temporal_rul_coverage": 0.97381571847186,
    "mean_temporal_tau_coverage": 0.9735965209629721,
    "tau_anytime_violation_rate": 0.06741573033707865
  },
  "notes": {
    "superuniform_reference": {
      "frac_le_0.1_should_be_<=~": 0.1,
      "frac_le_0.2_should_be_<=~": 0.2,
      "frac_le_0.5_should_be_<=~": 0.5
    }
  }
}