{
  "fd": 4,
  "checkpoint": "C:\\Users\\micha\\zGTFinal\\outputs\\final_local_fd004\\model_fd004.pt",
  "calibration_file": "C:\\Users\\micha\\zGTFinal\\outputs\\final_local_fd004\\calibration_bundle_fd004.npz",
  "checkpoint_leakage_flag": true,
  "calibration_size": 10727,
  "pred_source": "cache:outputs\\phd_ultra\\fd004\\ablation\\m0p01_b8_mbs128\\audit_cache_fd004.npz",
  "tem_fleet_source": "tem_metrics:outputs\\phd_ultra\\fd004\\ablation\\m0p01_b8_mbs128\\tem_metrics_fd004.json",
  "num_runs": 248,
  "num_points": 34092,
  "use_conditional_calibration": true,
  "cap_implied_rul": true,
  "compute_tau_diagnostics": true,
  "predict_batch_size": 8192,
  "pvalue_safety_margin": 0.01,
  "pvalue_all": {
    "n": 34092,
    "mean_p": 0.5074563350772932,
    "frac_le_0.1": 0.07960811920685205,
    "frac_le_0.2": 0.17898627243928195,
    "frac_le_0.5": 0.4866537604130001,
    "superuniform_margin_0.1": 0.02039188079314795,
    "superuniform_margin_0.2": 0.021013727560718065,
    "superuniform_margin_0.5": 0.013346239586999875
  },
  "pvalue_healthy_prefix": {
    "n": 26513,
    "mean_p": 0.526021528819839,
    "frac_le_0.1": 0.07343567306604307,
    "frac_le_0.2": 0.151133406253536,
    "frac_le_0.5": 0.4538151095688907,
    "superuniform_margin_0.1": 0.02656432693395694,
    "superuniform_margin_0.2": 0.048866593746464015,
    "superuniform_margin_0.5": 0.04618489043110929
  },
  "tem_fleet": {
    "num_engines": 248,
    "num_tau_diagnostics_engines": 181,
    "num_alerted": 4,
    "alert_rate": 0.016129032258064516,
    "mean_first_alert_step": 218.75,
    "mean_temporal_rul_coverage": 0.9542748784586599,
    "mean_temporal_tau_coverage": 0.9404054503958086,
    "tau_anytime_violation_rate": 0.1878453038674033
  },
  "notes": {
    "superuniform_reference": {
      "frac_le_0.1_should_be_<=~": 0.1,
      "frac_le_0.2_should_be_<=~": 0.2,
      "frac_le_0.5_should_be_<=~": 0.5
    }
  }
}