{
  "fd": 3,
  "checkpoint": "C:\\Users\\micha\\zGTFinal\\outputs\\final_local_fd003\\model_fd003.pt",
  "calibration_file": "C:\\Users\\micha\\zGTFinal\\outputs\\final_local_fd003\\calibration_bundle_fd003.npz",
  "checkpoint_leakage_flag": true,
  "calibration_size": 4361,
  "pred_source": "cache:outputs\\phd_ultra\\fd003\\ablation\\m0p0_b8_mbs512\\audit_cache_fd003.npz",
  "tem_fleet_source": "tem_metrics:outputs\\phd_ultra\\fd003\\ablation\\m0p0_b8_mbs512\\tem_metrics_fd003.json",
  "num_runs": 100,
  "num_points": 13696,
  "use_conditional_calibration": true,
  "cap_implied_rul": true,
  "compute_tau_diagnostics": true,
  "predict_batch_size": 8192,
  "pvalue_safety_margin": 0.0,
  "pvalue_all": {
    "n": 13696,
    "mean_p": 0.5606107056958562,
    "frac_le_0.1": 0.09272780373831775,
    "frac_le_0.2": 0.18195093457943926,
    "frac_le_0.5": 0.4288113317757009,
    "superuniform_margin_0.1": 0.007272196261682254,
    "superuniform_margin_0.2": 0.018049065420560756,
    "superuniform_margin_0.5": 0.07118866822429909
  },
  "pvalue_healthy_prefix": {
    "n": 10457,
    "mean_p": 0.6063722673305386,
    "frac_le_0.1": 0.06043798412546619,
    "frac_le_0.2": 0.1403844314813044,
    "frac_le_0.5": 0.37792866022759875,
    "superuniform_margin_0.1": 0.03956201587453381,
    "superuniform_margin_0.2": 0.05961556851869562,
    "superuniform_margin_0.5": 0.12207133977240125
  },
  "tem_fleet": {
    "num_engines": 100,
    "num_tau_diagnostics_engines": 85,
    "num_alerted": 1,
    "alert_rate": 0.01,
    "mean_first_alert_step": 178.0,
    "mean_temporal_rul_coverage": 0.9599470445944537,
    "mean_temporal_tau_coverage": 0.9561389752138861,
    "tau_anytime_violation_rate": 0.1411764705882353
  },
  "notes": {
    "superuniform_reference": {
      "frac_le_0.1_should_be_<=~": 0.1,
      "frac_le_0.2_should_be_<=~": 0.2,
      "frac_le_0.5_should_be_<=~": 0.5
    }
  }
}