{
  "fd": 4,
  "checkpoint": "C:\\Users\\micha\\zGTFinal\\outputs\\final_local_fd004\\model_fd004.pt",
  "calibration_file": "C:\\Users\\micha\\zGTFinal\\outputs\\final_local_fd004\\calibration_bundle_fd004.npz",
  "checkpoint_leakage_flag": true,
  "calibration_size": 10727,
  "pred_source": "cache:outputs\\phd_ultra\\fd004\\ablation\\m0p05_b12_mbs128\\audit_cache_fd004.npz",
  "tem_fleet_source": "tem_metrics:outputs\\phd_ultra\\fd004\\ablation\\m0p05_b12_mbs128\\tem_metrics_fd004.json",
  "num_runs": 248,
  "num_points": 34092,
  "use_conditional_calibration": true,
  "cap_implied_rul": true,
  "compute_tau_diagnostics": true,
  "predict_batch_size": 8192,
  "pvalue_safety_margin": 0.05,
  "pvalue_all": {
    "n": 34092,
    "mean_p": 0.5468097220481598,
    "frac_le_0.1": 0.04951308224803473,
    "frac_le_0.2": 0.13554499589346475,
    "frac_le_0.5": 0.4443271148656576,
    "superuniform_margin_0.1": 0.050486917751965274,
    "superuniform_margin_0.2": 0.06445500410653526,
    "superuniform_margin_0.5": 0.055672885134342376
  },
  "pvalue_healthy_prefix": {
    "n": 26513,
    "mean_p": 0.5633835027020891,
    "frac_le_0.1": 0.046015162373175426,
    "frac_le_0.2": 0.11809301097574774,
    "frac_le_0.5": 0.41183570323992,
    "superuniform_margin_0.1": 0.05398483762682458,
    "superuniform_margin_0.2": 0.08190698902425227,
    "superuniform_margin_0.5": 0.08816429676007997
  },
  "tem_fleet": {
    "num_engines": 248,
    "num_tau_diagnostics_engines": 181,
    "num_alerted": 3,
    "alert_rate": 0.012096774193548387,
    "mean_first_alert_step": 246.66666666666666,
    "mean_temporal_rul_coverage": 0.9681473961288747,
    "mean_temporal_tau_coverage": 0.9568956963196358,
    "tau_anytime_violation_rate": 0.1270718232044199
  },
  "notes": {
    "superuniform_reference": {
      "frac_le_0.1_should_be_<=~": 0.1,
      "frac_le_0.2_should_be_<=~": 0.2,
      "frac_le_0.5_should_be_<=~": 0.5
    }
  }
}