{
  "fd": 2,
  "checkpoint": "outputs\\_pub_fd002_valcal_e20\\model_fd002.pt",
  "calibration_file": "outputs\\_pub_fd002_valcal_e20\\calibration_bundle_fd002.npz",
  "checkpoint_leakage_flag": true,
  "calibration_size": 9148,
  "pred_source": "cache:outputs\\_pub_fd002_valcal_e20\\audit_cache_fd002.npz",
  "tem_fleet_source": "tem_metrics:outputs\\_pub_fd002_valcal_e20\\tem_metrics_fd002.json",
  "num_runs": 259,
  "num_points": 26511,
  "use_conditional_calibration": true,
  "cap_implied_rul": true,
  "compute_tau_diagnostics": true,
  "predict_batch_size": 8192,
  "pvalue_all": {
    "n": 26511,
    "mean_p": 0.5068346538114248,
    "frac_le_0.1": 0.10422088944211837,
    "frac_le_0.2": 0.21591037682471426,
    "frac_le_0.5": 0.5019425898683565,
    "superuniform_margin_0.1": -0.004220889442118361,
    "superuniform_margin_0.2": -0.015910376824714245,
    "superuniform_margin_0.5": -0.0019425898683564924
  },
  "pvalue_healthy_prefix": {
    "n": 17850,
    "mean_p": 0.5209916720587897,
    "frac_le_0.1": 0.09372549019607843,
    "frac_le_0.2": 0.19551820728291316,
    "frac_le_0.5": 0.48145658263305324,
    "superuniform_margin_0.1": 0.00627450980392158,
    "superuniform_margin_0.2": 0.004481792717086847,
    "superuniform_margin_0.5": 0.018543417366946757
  },
  "tem_fleet": {
    "num_engines": 259,
    "num_tau_diagnostics_engines": 202,
    "num_alerted": 1,
    "alert_rate": 0.003861003861003861,
    "mean_first_alert_step": 137.0,
    "mean_temporal_rul_coverage": 0.9378800902033371,
    "mean_temporal_tau_coverage": 0.920351204765665,
    "tau_anytime_violation_rate": 0.2079207920792079
  },
  "notes": {
    "superuniform_reference": {
      "frac_le_0.1_should_be_<=~": 0.1,
      "frac_le_0.2_should_be_<=~": 0.2,
      "frac_le_0.5_should_be_<=~": 0.5
    }
  }
}