{
  "device": "cuda",
  "epochs": 20,
  "best_val_rmse": 22.9211507236739,
  "final_val_rmse": 22.9211507236739,
  "test_last_rmse": 22.38684882338988,
  "test_last_mae": 17.463956832885742,
  "training_seconds": 23.54614729998866,
  "num_train_samples": 37071,
  "num_val_samples": 9148,
  "num_test_samples": 259,
  "calibration_size": 9148,
  "calibration_bundle_path": "outputs\\_pub_fd002_valcal_e20\\calibration_bundle_fd002.npz",
  "calibration_source": "val",
  "calibration_fraction": 0.2,
  "calibration_rul_floor": 1.0,
  "leakage_check_passed": true,
  "num_train_runs": 208,
  "num_calibration_runs": 52,
  "train_run_indices": [
    0,
    1,
    2,
    3,
    4,
    5,
    6,
    7,
    8,
    9,
    10,
    11,
    12,
    13,
    14,
    15,
    16,
    17,
    18,
    19,
    20,
    21,
    22,
    23,
    24,
    25,
    26,
    27,
    28,
    29,
    30,
    31,
    32,
    33,
    34,
    35,
    36,
    37,
    38,
    39,
    40,
    41,
    42,
    43,
    44,
    45,
    46,
    47,
    48,
    49,
    50,
    51,
    52,
    53,
    54,
    55,
    56,
    57,
    58,
    59,
    60,
    61,
    62,
    63,
    64,
    65,
    66,
    67,
    68,
    69,
    70,
    71,
    72,
    73,
    74,
    75,
    76,
    77,
    78,
    79,
    80,
    81,
    82,
    83,
    84,
    85,
    86,
    87,
    88,
    89,
    90,
    91,
    92,
    93,
    94,
    95,
    96,
    97,
    98,
    99,
    100,
    101,
    102,
    103,
    104,
    105,
    106,
    107,
    108,
    109,
    110,
    111,
    112,
    113,
    114,
    115,
    116,
    117,
    118,
    119,
    120,
    121,
    122,
    123,
    124,
    125,
    126,
    127,
    128,
    129,
    130,
    131,
    132,
    133,
    134,
    135,
    136,
    137,
    138,
    139,
    140,
    141,
    142,
    143,
    144,
    145,
    146,
    147,
    148,
    149,
    150,
    151,
    152,
    153,
    154,
    155,
    156,
    157,
    158,
    159,
    160,
    161,
    162,
    163,
    164,
    165,
    166,
    167,
    168,
    169,
    170,
    171,
    172,
    173,
    174,
    175,
    176,
    177,
    178,
    179,
    180,
    181,
    182,
    183,
    184,
    185,
    186,
    187,
    188,
    189,
    190,
    191,
    192,
    193,
    194,
    195,
    196,
    197,
    198,
    199,
    200,
    201,
    202,
    203,
    204,
    205,
    206,
    207
  ],
  "calibration_run_indices": [
    0,
    1,
    2,
    3,
    4,
    5,
    6,
    7,
    8,
    9,
    10,
    11,
    12,
    13,
    14,
    15,
    16,
    17,
    18,
    19,
    20,
    21,
    22,
    23,
    24,
    25,
    26,
    27,
    28,
    29,
    30,
    31,
    32,
    33,
    34,
    35,
    36,
    37,
    38,
    39,
    40,
    41,
    42,
    43,
    44,
    45,
    46,
    47,
    48,
    49,
    50,
    51
  ],
  "history": [
    {
      "epoch": 1,
      "train_loss": 70.58872162668328,
      "val_rmse": 73.61186380755865,
      "lr": 0.002981532510892707
    },
    {
      "epoch": 2,
      "train_loss": 34.18627016167892,
      "val_rmse": 31.53171206693861,
      "lr": 0.0029265847744427307
    },
    {
      "epoch": 3,
      "train_loss": 17.185274877046282,
      "val_rmse": 29.301216423336225,
      "lr": 0.002836509786282552
    },
    {
      "epoch": 4,
      "train_loss": 15.005648161235609,
      "val_rmse": 26.482018658970176,
      "lr": 0.002713525491562422
    },
    {
      "epoch": 5,
      "train_loss": 14.284078748602616,
      "val_rmse": 22.9211507236739,
      "lr": 0.002560660171779822
    },
    {
      "epoch": 6,
      "train_loss": 13.42799939607319,
      "val_rmse": 27.045888494273715,
      "lr": 0.0023816778784387102
    },
    {
      "epoch": 7,
      "train_loss": 12.87998084018105,
      "val_rmse": 28.113462993495908,
      "lr": 0.0021809857496093207
    },
    {
      "epoch": 8,
      "train_loss": 12.381281099821392,
      "val_rmse": 25.272888777070428,
      "lr": 0.0019635254915624217
    },
    {
      "epoch": 9,
      "train_loss": 11.957661980076841,
      "val_rmse": 23.289669148738835,
      "lr": 0.0017346516975603468
    },
    {
      "epoch": 10,
      "train_loss": 11.244200154354697,
      "val_rmse": 24.52640088339421,
      "lr": 0.0015000000000000002
    },
    {
      "epoch": 11,
      "train_loss": 10.924918927644429,
      "val_rmse": 23.02409167997772,
      "lr": 0.0012653483024396542
    },
    {
      "epoch": 12,
      "train_loss": 10.218207359313965,
      "val_rmse": 23.474473496454053,
      "lr": 0.001036474508437579
    },
    {
      "epoch": 13,
      "train_loss": 9.943808103862562,
      "val_rmse": 23.398366214000443,
      "lr": 0.0008190142503906799
    },
    {
      "epoch": 14,
      "train_loss": 9.497138525310316,
      "val_rmse": 24.593638680882638,
      "lr": 0.0006183221215612905
    },
    {
      "epoch": 15,
      "train_loss": 9.312857075741416,
      "val_rmse": 23.854764848317362,
      "lr": 0.0004393398282201788
    },
    {
      "epoch": 16,
      "train_loss": 9.020872166282253,
      "val_rmse": 23.960343651201885,
      "lr": 0.000286474508437579
    },
    {
      "epoch": 17,
      "train_loss": 8.702137319665207,
      "val_rmse": 23.953487719966592,
      "lr": 0.0001634902137174483
    },
    {
      "epoch": 18,
      "train_loss": 8.59062987879703,
      "val_rmse": 24.032169276706874,
      "lr": 7.34152255572697e-05
    },
    {
      "epoch": 19,
      "train_loss": 8.487430572509766,
      "val_rmse": 24.013488670848094,
      "lr": 1.846748910729351e-05
    },
    {
      "epoch": 20,
      "train_loss": 8.518396327370091,
      "val_rmse": 23.928903895789155,
      "lr": 0.0
    }
  ]
}