{
  "fd": 3,
  "checkpoint": "C:\\Users\\micha\\zGTFinal\\outputs\\final_local_fd003\\model_fd003.pt",
  "calibration_file": "C:\\Users\\micha\\zGTFinal\\outputs\\final_local_fd003\\calibration_bundle_fd003.npz",
  "checkpoint_leakage_flag": true,
  "calibration_size": 4361,
  "pred_source": "cache:outputs\\phd_ultra\\fd003\\ablation\\m0p0_b12_mbs128\\audit_cache_fd003.npz",
  "tem_fleet_source": "tem_metrics:outputs\\phd_ultra\\fd003\\ablation\\m0p0_b12_mbs128\\tem_metrics_fd003.json",
  "num_runs": 100,
  "num_points": 13696,
  "use_conditional_calibration": true,
  "cap_implied_rul": true,
  "compute_tau_diagnostics": true,
  "predict_batch_size": 8192,
  "pvalue_safety_margin": 0.0,
  "pvalue_all": {
    "n": 13696,
    "mean_p": 0.5628755639547979,
    "frac_le_0.1": 0.0898072429906542,
    "frac_le_0.2": 0.1822429906542056,
    "frac_le_0.5": 0.4274240654205608,
    "superuniform_margin_0.1": 0.010192757009345799,
    "superuniform_margin_0.2": 0.01775700934579441,
    "superuniform_margin_0.5": 0.07257593457943923
  },
  "pvalue_healthy_prefix": {
    "n": 10457,
    "mean_p": 0.60698356846178,
    "frac_le_0.1": 0.05651716553504829,
    "frac_le_0.2": 0.14277517452424213,
    "frac_le_0.5": 0.37611169551496604,
    "superuniform_margin_0.1": 0.043482834464951714,
    "superuniform_margin_0.2": 0.057224825475757884,
    "superuniform_margin_0.5": 0.12388830448503396
  },
  "tem_fleet": {
    "num_engines": 100,
    "num_tau_diagnostics_engines": 85,
    "num_alerted": 1,
    "alert_rate": 0.01,
    "mean_first_alert_step": 189.0,
    "mean_temporal_rul_coverage": 0.9602484253753749,
    "mean_temporal_tau_coverage": 0.9564935408384992,
    "tau_anytime_violation_rate": 0.1411764705882353
  },
  "notes": {
    "superuniform_reference": {
      "frac_le_0.1_should_be_<=~": 0.1,
      "frac_le_0.2_should_be_<=~": 0.2,
      "frac_le_0.5_should_be_<=~": 0.5
    }
  }
}