{
  "fd": 2,
  "checkpoint": "outputs\\fd002_phd_final\\model_fd002.pt",
  "calibration_file": "outputs\\fd002_phd_final\\calibration_bundle_fd002.npz",
  "checkpoint_leakage_flag": true,
  "calibration_size": 7489,
  "use_conditional_calibration": true,
  "cap_implied_rul": true,
  "compute_tau_diagnostics": true,
  "pvalue_all": {
    "n": 26511,
    "mean_p": 0.47836751824654977,
    "frac_le_0.1": 0.08030628795594281,
    "frac_le_0.2": 0.21379804609407416,
    "frac_le_0.5": 0.5428689977745087,
    "superuniform_margin_0.1": 0.01969371204405719,
    "superuniform_margin_0.2": -0.013798046094074146,
    "superuniform_margin_0.5": -0.0428689977745087
  },
  "pvalue_healthy_prefix": {
    "n": 17850,
    "mean_p": 0.4960498770304856,
    "frac_le_0.1": 0.05322128851540616,
    "frac_le_0.2": 0.19596638655462184,
    "frac_le_0.5": 0.5109243697478991,
    "superuniform_margin_0.1": 0.046778711484593845,
    "superuniform_margin_0.2": 0.00403361344537817,
    "superuniform_margin_0.5": -0.01092436974789912
  },
  "tem_fleet": {
    "num_engines": 259,
    "num_tau_diagnostics_engines": 202,
    "num_alerted": 2,
    "alert_rate": 0.007722007722007722,
    "mean_first_alert_step": 136.0,
    "mean_temporal_rul_coverage": 0.9401889702902586,
    "mean_temporal_tau_coverage": 0.923311600520678,
    "tau_anytime_violation_rate": 0.21782178217821782
  },
  "notes": {
    "superuniform_reference": {
      "frac_le_0.1_should_be_<=~": 0.1,
      "frac_le_0.2_should_be_<=~": 0.2,
      "frac_le_0.5_should_be_<=~": 0.5
    }
  }
}