{
  "fd": 1,
  "checkpoint": "C:\\Users\\micha\\zGTFinal\\outputs\\final_local_fd001\\model_fd001.pt",
  "calibration_file": "C:\\Users\\micha\\zGTFinal\\outputs\\final_local_fd001\\calibration_bundle_fd001.npz",
  "checkpoint_leakage_flag": true,
  "calibration_size": 3913,
  "pred_source": "cache:outputs\\phd_ultra\\fd001\\ablation\\m0p05_b8_mbs512\\audit_cache_fd001.npz",
  "tem_fleet_source": "tem_metrics:outputs\\phd_ultra\\fd001\\ablation\\m0p05_b8_mbs512\\tem_metrics_fd001.json",
  "num_runs": 100,
  "num_points": 10196,
  "use_conditional_calibration": true,
  "cap_implied_rul": true,
  "compute_tau_diagnostics": true,
  "predict_batch_size": 8192,
  "pvalue_safety_margin": 0.05,
  "pvalue_all": {
    "n": 10196,
    "mean_p": 0.6012100698274473,
    "frac_le_0.1": 0.04080031384856807,
    "frac_le_0.2": 0.10278540604158494,
    "frac_le_0.5": 0.37563750490388387,
    "superuniform_margin_0.1": 0.05919968615143194,
    "superuniform_margin_0.2": 0.09721459395841507,
    "superuniform_margin_0.5": 0.12436249509611613
  },
  "pvalue_healthy_prefix": {
    "n": 7069,
    "mean_p": 0.6007111567123626,
    "frac_le_0.1": 0.046682699108784836,
    "frac_le_0.2": 0.11161408968736738,
    "frac_le_0.5": 0.3795444900268779,
    "superuniform_margin_0.1": 0.05331730089121517,
    "superuniform_margin_0.2": 0.08838591031263263,
    "superuniform_margin_0.5": 0.1204555099731221
  },
  "tem_fleet": {
    "num_engines": 100,
    "num_tau_diagnostics_engines": 89,
    "num_alerted": 1,
    "alert_rate": 0.01,
    "mean_first_alert_step": 131.0,
    "mean_temporal_rul_coverage": 0.9793041301089747,
    "mean_temporal_tau_coverage": 0.9785148361607288,
    "tau_anytime_violation_rate": 0.056179775280898875
  },
  "notes": {
    "superuniform_reference": {
      "frac_le_0.1_should_be_<=~": 0.1,
      "frac_le_0.2_should_be_<=~": 0.2,
      "frac_le_0.5_should_be_<=~": 0.5
    }
  }
}