{
  "fd": 4,
  "checkpoint": "C:\\Users\\micha\\zGTFinal\\outputs\\final_local_fd004\\model_fd004.pt",
  "calibration_file": "C:\\Users\\micha\\zGTFinal\\outputs\\final_local_fd004\\calibration_bundle_fd004.npz",
  "checkpoint_leakage_flag": true,
  "calibration_size": 10727,
  "pred_source": "cache:outputs\\phd_ultra\\fd004\\ablation\\m0p02_b12_mbs128\\audit_cache_fd004.npz",
  "tem_fleet_source": "tem_metrics:outputs\\phd_ultra\\fd004\\ablation\\m0p02_b12_mbs128\\tem_metrics_fd004.json",
  "num_runs": 248,
  "num_points": 34092,
  "use_conditional_calibration": true,
  "cap_implied_rul": true,
  "compute_tau_diagnostics": true,
  "predict_batch_size": 8192,
  "pvalue_safety_margin": 0.02,
  "pvalue_all": {
    "n": 34092,
    "mean_p": 0.5177038361111616,
    "frac_le_0.1": 0.07306699518948727,
    "frac_le_0.2": 0.16751730611287105,
    "frac_le_0.5": 0.4775900504517189,
    "superuniform_margin_0.1": 0.026933004810512737,
    "superuniform_margin_0.2": 0.03248269388712896,
    "superuniform_margin_0.5": 0.022409949548281127
  },
  "pvalue_healthy_prefix": {
    "n": 26513,
    "mean_p": 0.5342963875180906,
    "frac_le_0.1": 0.06721231094180213,
    "frac_le_0.2": 0.1435145023196168,
    "frac_le_0.5": 0.447968920906725,
    "superuniform_margin_0.1": 0.03278768905819787,
    "superuniform_margin_0.2": 0.05648549768038322,
    "superuniform_margin_0.5": 0.05203107909327498
  },
  "tem_fleet": {
    "num_engines": 248,
    "num_tau_diagnostics_engines": 181,
    "num_alerted": 4,
    "alert_rate": 0.016129032258064516,
    "mean_first_alert_step": 266.25,
    "mean_temporal_rul_coverage": 0.9588374218352631,
    "mean_temporal_tau_coverage": 0.9460468464660581,
    "tau_anytime_violation_rate": 0.16574585635359115
  },
  "notes": {
    "superuniform_reference": {
      "frac_le_0.1_should_be_<=~": 0.1,
      "frac_le_0.2_should_be_<=~": 0.2,
      "frac_le_0.5_should_be_<=~": 0.5
    }
  }
}