{
  "device": "cuda",
  "epochs": 15,
  "best_val_rmse": 23.110408246882184,
  "final_val_rmse": 23.110408246882184,
  "test_last_rmse": 21.906076932296813,
  "test_last_mae": 17.365022659301758,
  "training_seconds": 17.541511399962474,
  "num_train_samples": 37071,
  "num_val_samples": 9148,
  "num_test_samples": 259,
  "calibration_size": 9148,
  "calibration_bundle_path": "C:\\Users\\micha\\zGTFinal\\outputs\\publication_final\\seed_repro\\seed_0042\\fd002\\calibration_bundle_fd002.npz",
  "calibration_source": "val",
  "calibration_fraction": 0.2,
  "calibration_rul_floor": 1.0,
  "leakage_check_passed": true,
  "num_train_runs": 208,
  "num_calibration_runs": 52,
  "train_run_indices": [
    0,
    1,
    2,
    3,
    4,
    5,
    6,
    7,
    8,
    9,
    10,
    11,
    12,
    13,
    14,
    15,
    16,
    17,
    18,
    19,
    20,
    21,
    22,
    23,
    24,
    25,
    26,
    27,
    28,
    29,
    30,
    31,
    32,
    33,
    34,
    35,
    36,
    37,
    38,
    39,
    40,
    41,
    42,
    43,
    44,
    45,
    46,
    47,
    48,
    49,
    50,
    51,
    52,
    53,
    54,
    55,
    56,
    57,
    58,
    59,
    60,
    61,
    62,
    63,
    64,
    65,
    66,
    67,
    68,
    69,
    70,
    71,
    72,
    73,
    74,
    75,
    76,
    77,
    78,
    79,
    80,
    81,
    82,
    83,
    84,
    85,
    86,
    87,
    88,
    89,
    90,
    91,
    92,
    93,
    94,
    95,
    96,
    97,
    98,
    99,
    100,
    101,
    102,
    103,
    104,
    105,
    106,
    107,
    108,
    109,
    110,
    111,
    112,
    113,
    114,
    115,
    116,
    117,
    118,
    119,
    120,
    121,
    122,
    123,
    124,
    125,
    126,
    127,
    128,
    129,
    130,
    131,
    132,
    133,
    134,
    135,
    136,
    137,
    138,
    139,
    140,
    141,
    142,
    143,
    144,
    145,
    146,
    147,
    148,
    149,
    150,
    151,
    152,
    153,
    154,
    155,
    156,
    157,
    158,
    159,
    160,
    161,
    162,
    163,
    164,
    165,
    166,
    167,
    168,
    169,
    170,
    171,
    172,
    173,
    174,
    175,
    176,
    177,
    178,
    179,
    180,
    181,
    182,
    183,
    184,
    185,
    186,
    187,
    188,
    189,
    190,
    191,
    192,
    193,
    194,
    195,
    196,
    197,
    198,
    199,
    200,
    201,
    202,
    203,
    204,
    205,
    206,
    207
  ],
  "calibration_run_indices": [
    0,
    1,
    2,
    3,
    4,
    5,
    6,
    7,
    8,
    9,
    10,
    11,
    12,
    13,
    14,
    15,
    16,
    17,
    18,
    19,
    20,
    21,
    22,
    23,
    24,
    25,
    26,
    27,
    28,
    29,
    30,
    31,
    32,
    33,
    34,
    35,
    36,
    37,
    38,
    39,
    40,
    41,
    42,
    43,
    44,
    45,
    46,
    47,
    48,
    49,
    50,
    51
  ],
  "history": [
    {
      "epoch": 1,
      "train_loss": 70.58872162668328,
      "val_rmse": 73.61186380755865,
      "lr": 0.0029672214011007086
    },
    {
      "epoch": 2,
      "train_loss": 34.26749771519711,
      "val_rmse": 31.07490166605319,
      "lr": 0.0028703181864639014
    },
    {
      "epoch": 3,
      "train_loss": 17.189567063984118,
      "val_rmse": 28.843773042580192,
      "lr": 0.0027135254915624215
    },
    {
      "epoch": 4,
      "train_loss": 14.938871484053763,
      "val_rmse": 27.132788980607952,
      "lr": 0.002503695909538288
    },
    {
      "epoch": 5,
      "train_loss": 13.969161134017142,
      "val_rmse": 23.11905730848403,
      "lr": 0.0022500000000000003
    },
    {
      "epoch": 6,
      "train_loss": 13.286683684901186,
      "val_rmse": 30.656565075633544,
      "lr": 0.0019635254915624217
    },
    {
      "epoch": 7,
      "train_loss": 12.853174209594727,
      "val_rmse": 23.463111461937334,
      "lr": 0.0016567926949014808
    },
    {
      "epoch": 8,
      "train_loss": 12.412399994699578,
      "val_rmse": 27.07739696609213,
      "lr": 0.0013432073050985206
    },
    {
      "epoch": 9,
      "train_loss": 11.815902910734478,
      "val_rmse": 23.110408246882184,
      "lr": 0.0010364745084375795
    },
    {
      "epoch": 10,
      "train_loss": 11.277521484776548,
      "val_rmse": 23.557057363532724,
      "lr": 0.0007500000000000007
    },
    {
      "epoch": 11,
      "train_loss": 10.92263452630294,
      "val_rmse": 23.63547211125116,
      "lr": 0.0004963040904617134
    },
    {
      "epoch": 12,
      "train_loss": 10.504142761230469,
      "val_rmse": 23.218963780124582,
      "lr": 0.0002864745084375791
    },
    {
      "epoch": 13,
      "train_loss": 10.37245303706119,
      "val_rmse": 23.308626704928336,
      "lr": 0.00012968181353609857
    },
    {
      "epoch": 14,
      "train_loss": 10.188631961220189,
      "val_rmse": 23.353951471968298,
      "lr": 3.277859889929148e-05
    },
    {
      "epoch": 15,
      "train_loss": 10.127324606242933,
      "val_rmse": 23.280709597983865,
      "lr": 0.0
    }
  ]
}