{
  "fd": 2,
  "checkpoint": "outputs\\_pub_fd002_valcal_e10\\model_fd002.pt",
  "calibration_file": "outputs\\_pub_fd002_valcal_e10\\calibration_bundle_fd002.npz",
  "checkpoint_leakage_flag": true,
  "calibration_size": 9148,
  "pred_source": "cache:outputs\\_pub_fd002_valcal_e10\\audit_cache_fd002.npz",
  "tem_fleet_source": "tem_metrics:outputs\\_pub_fd002_valcal_e10\\tem_metrics_fd002.json",
  "num_runs": 259,
  "num_points": 26511,
  "use_conditional_calibration": true,
  "cap_implied_rul": true,
  "compute_tau_diagnostics": true,
  "predict_batch_size": 8192,
  "pvalue_all": {
    "n": 26511,
    "mean_p": 0.5056657423365608,
    "frac_le_0.1": 0.10765342687940854,
    "frac_le_0.2": 0.21647617969899288,
    "frac_le_0.5": 0.5013013466108408,
    "superuniform_margin_0.1": -0.007653426879408537,
    "superuniform_margin_0.2": -0.01647617969899287,
    "superuniform_margin_0.5": -0.0013013466108408034
  },
  "pvalue_healthy_prefix": {
    "n": 17850,
    "mean_p": 0.5189292621027598,
    "frac_le_0.1": 0.10257703081232493,
    "frac_le_0.2": 0.2065546218487395,
    "frac_le_0.5": 0.48554621848739493,
    "superuniform_margin_0.1": -0.0025770308123249236,
    "superuniform_margin_0.2": -0.006554621848739478,
    "superuniform_margin_0.5": 0.014453781512605068
  },
  "tem_fleet": {
    "num_engines": 259,
    "num_tau_diagnostics_engines": 202,
    "num_alerted": 2,
    "alert_rate": 0.007722007722007722,
    "mean_first_alert_step": 133.5,
    "mean_temporal_rul_coverage": 0.9392211823679041,
    "mean_temporal_tau_coverage": 0.9220707239271642,
    "tau_anytime_violation_rate": 0.20297029702970298
  },
  "notes": {
    "superuniform_reference": {
      "frac_le_0.1_should_be_<=~": 0.1,
      "frac_le_0.2_should_be_<=~": 0.2,
      "frac_le_0.5_should_be_<=~": 0.5
    }
  }
}