{
  "device": "cuda",
  "epochs": 10,
  "best_val_rmse": 23.005679442694714,
  "final_val_rmse": 23.005679442694714,
  "test_last_rmse": 22.31293429111323,
  "test_last_mae": 17.888935089111328,
  "training_seconds": 16.524387200013734,
  "num_train_samples": 37071,
  "num_val_samples": 9148,
  "num_test_samples": 259,
  "calibration_size": 9148,
  "calibration_bundle_path": "outputs\\_pub_fd002_valcal_e10\\calibration_bundle_fd002.npz",
  "calibration_source": "val",
  "calibration_fraction": 0.2,
  "calibration_rul_floor": 1.0,
  "leakage_check_passed": true,
  "num_train_runs": 208,
  "num_calibration_runs": 52,
  "train_run_indices": [
    0,
    1,
    2,
    3,
    4,
    5,
    6,
    7,
    8,
    9,
    10,
    11,
    12,
    13,
    14,
    15,
    16,
    17,
    18,
    19,
    20,
    21,
    22,
    23,
    24,
    25,
    26,
    27,
    28,
    29,
    30,
    31,
    32,
    33,
    34,
    35,
    36,
    37,
    38,
    39,
    40,
    41,
    42,
    43,
    44,
    45,
    46,
    47,
    48,
    49,
    50,
    51,
    52,
    53,
    54,
    55,
    56,
    57,
    58,
    59,
    60,
    61,
    62,
    63,
    64,
    65,
    66,
    67,
    68,
    69,
    70,
    71,
    72,
    73,
    74,
    75,
    76,
    77,
    78,
    79,
    80,
    81,
    82,
    83,
    84,
    85,
    86,
    87,
    88,
    89,
    90,
    91,
    92,
    93,
    94,
    95,
    96,
    97,
    98,
    99,
    100,
    101,
    102,
    103,
    104,
    105,
    106,
    107,
    108,
    109,
    110,
    111,
    112,
    113,
    114,
    115,
    116,
    117,
    118,
    119,
    120,
    121,
    122,
    123,
    124,
    125,
    126,
    127,
    128,
    129,
    130,
    131,
    132,
    133,
    134,
    135,
    136,
    137,
    138,
    139,
    140,
    141,
    142,
    143,
    144,
    145,
    146,
    147,
    148,
    149,
    150,
    151,
    152,
    153,
    154,
    155,
    156,
    157,
    158,
    159,
    160,
    161,
    162,
    163,
    164,
    165,
    166,
    167,
    168,
    169,
    170,
    171,
    172,
    173,
    174,
    175,
    176,
    177,
    178,
    179,
    180,
    181,
    182,
    183,
    184,
    185,
    186,
    187,
    188,
    189,
    190,
    191,
    192,
    193,
    194,
    195,
    196,
    197,
    198,
    199,
    200,
    201,
    202,
    203,
    204,
    205,
    206,
    207
  ],
  "calibration_run_indices": [
    0,
    1,
    2,
    3,
    4,
    5,
    6,
    7,
    8,
    9,
    10,
    11,
    12,
    13,
    14,
    15,
    16,
    17,
    18,
    19,
    20,
    21,
    22,
    23,
    24,
    25,
    26,
    27,
    28,
    29,
    30,
    31,
    32,
    33,
    34,
    35,
    36,
    37,
    38,
    39,
    40,
    41,
    42,
    43,
    44,
    45,
    46,
    47,
    48,
    49,
    50,
    51
  ],
  "history": [
    {
      "epoch": 1,
      "train_loss": 70.58867404335423,
      "val_rmse": 73.61192469247409,
      "lr": 0.0029265847744427307
    },
    {
      "epoch": 2,
      "train_loss": 34.47601920679996,
      "val_rmse": 29.250531380296895,
      "lr": 0.0027135254915624215
    },
    {
      "epoch": 3,
      "train_loss": 17.338936705338327,
      "val_rmse": 27.963614610324797,
      "lr": 0.0023816778784387102
    },
    {
      "epoch": 4,
      "train_loss": 15.001161424737228,
      "val_rmse": 25.91706827061597,
      "lr": 0.0019635254915624217
    },
    {
      "epoch": 5,
      "train_loss": 14.0931833668759,
      "val_rmse": 23.005679442694714,
      "lr": 0.0015000000000000005
    },
    {
      "epoch": 6,
      "train_loss": 13.440440981011642,
      "val_rmse": 25.583405845416475,
      "lr": 0.0010364745084375793
    },
    {
      "epoch": 7,
      "train_loss": 12.876200876737895,
      "val_rmse": 24.192624516602404,
      "lr": 0.0006183221215612907
    },
    {
      "epoch": 8,
      "train_loss": 12.499356269836426,
      "val_rmse": 23.352769996901927,
      "lr": 0.0002864745084375791
    },
    {
      "epoch": 9,
      "train_loss": 12.192970627232603,
      "val_rmse": 23.090277675952745,
      "lr": 7.341522555726972e-05
    },
    {
      "epoch": 10,
      "train_loss": 12.026312526903654,
      "val_rmse": 23.095427740589038,
      "lr": 0.0
    }
  ]
}