{
  "device": "cuda",
  "epochs": 15,
  "best_val_rmse": 23.04515695602176,
  "final_val_rmse": 23.04515695602176,
  "test_last_rmse": 21.504623728371573,
  "test_last_mae": 16.975366592407227,
  "training_seconds": 18.559711100009736,
  "num_train_samples": 29582,
  "num_val_samples": 9148,
  "num_test_samples": 259,
  "calibration_size": 7489,
  "calibration_bundle_path": "C:\\Users\\micha\\zGTFinal\\outputs\\publication_phd_final\\strict_main\\fd002\\calibration_bundle_fd002.npz",
  "calibration_source": "dev_holdout",
  "calibration_fraction": 0.2,
  "calibration_rul_floor": 1.0,
  "leakage_check_passed": true,
  "num_train_runs": 166,
  "num_calibration_runs": 42,
  "train_run_indices": [
    0,
    1,
    2,
    3,
    4,
    5,
    6,
    8,
    10,
    11,
    12,
    13,
    14,
    15,
    16,
    17,
    18,
    19,
    21,
    22,
    23,
    27,
    28,
    29,
    30,
    31,
    32,
    33,
    34,
    35,
    36,
    39,
    40,
    41,
    42,
    43,
    44,
    45,
    47,
    48,
    49,
    52,
    53,
    55,
    56,
    57,
    58,
    59,
    60,
    61,
    62,
    63,
    64,
    65,
    66,
    67,
    68,
    69,
    71,
    72,
    73,
    74,
    75,
    76,
    77,
    78,
    81,
    83,
    84,
    85,
    86,
    87,
    88,
    89,
    90,
    91,
    92,
    93,
    95,
    96,
    97,
    99,
    100,
    101,
    102,
    103,
    105,
    106,
    109,
    110,
    111,
    112,
    113,
    115,
    116,
    117,
    119,
    121,
    122,
    123,
    124,
    125,
    127,
    128,
    129,
    131,
    132,
    133,
    134,
    135,
    136,
    137,
    138,
    139,
    140,
    141,
    142,
    143,
    144,
    145,
    146,
    148,
    149,
    152,
    154,
    156,
    157,
    158,
    159,
    160,
    161,
    163,
    164,
    165,
    166,
    167,
    170,
    171,
    173,
    174,
    175,
    176,
    177,
    178,
    179,
    180,
    181,
    182,
    183,
    184,
    186,
    187,
    188,
    189,
    190,
    191,
    192,
    193,
    194,
    198,
    199,
    200,
    202,
    205,
    206,
    207
  ],
  "calibration_run_indices": [
    7,
    9,
    20,
    24,
    25,
    26,
    37,
    38,
    46,
    50,
    51,
    54,
    70,
    79,
    80,
    82,
    94,
    98,
    104,
    107,
    108,
    114,
    118,
    120,
    126,
    130,
    147,
    150,
    151,
    153,
    155,
    162,
    168,
    169,
    172,
    185,
    195,
    196,
    197,
    201,
    203,
    204
  ],
  "history": [
    {
      "epoch": 1,
      "train_loss": 73.30127156575521,
      "val_rmse": 83.15469875091276,
      "lr": 0.0029672214011007086
    },
    {
      "epoch": 2,
      "train_loss": 48.620324325561526,
      "val_rmse": 36.116887572690246,
      "lr": 0.0028703181864639014
    },
    {
      "epoch": 3,
      "train_loss": 19.773792775472007,
      "val_rmse": 37.40766580349224,
      "lr": 0.0027135254915624215
    },
    {
      "epoch": 4,
      "train_loss": 15.976237805684407,
      "val_rmse": 25.507803536144035,
      "lr": 0.002503695909538288
    },
    {
      "epoch": 5,
      "train_loss": 14.83623021443685,
      "val_rmse": 23.108668112241595,
      "lr": 0.0022500000000000003
    },
    {
      "epoch": 6,
      "train_loss": 14.09358278910319,
      "val_rmse": 24.317999793554886,
      "lr": 0.0019635254915624217
    },
    {
      "epoch": 7,
      "train_loss": 13.315338452657064,
      "val_rmse": 28.001336984562776,
      "lr": 0.0016567926949014808
    },
    {
      "epoch": 8,
      "train_loss": 12.676832453409832,
      "val_rmse": 23.786575034904114,
      "lr": 0.0013432073050985206
    },
    {
      "epoch": 9,
      "train_loss": 12.334551175435385,
      "val_rmse": 25.617111015953242,
      "lr": 0.0010364745084375795
    },
    {
      "epoch": 10,
      "train_loss": 11.77163422902425,
      "val_rmse": 23.04515695602176,
      "lr": 0.0007500000000000007
    },
    {
      "epoch": 11,
      "train_loss": 11.385114606221517,
      "val_rmse": 23.248805822071443,
      "lr": 0.0004963040904617134
    },
    {
      "epoch": 12,
      "train_loss": 11.048410542805989,
      "val_rmse": 23.306721529936024,
      "lr": 0.0002864745084375791
    },
    {
      "epoch": 13,
      "train_loss": 10.852733039855957,
      "val_rmse": 23.47749833561996,
      "lr": 0.00012968181353609857
    },
    {
      "epoch": 14,
      "train_loss": 10.647123845418294,
      "val_rmse": 23.893472560311956,
      "lr": 3.277859889929148e-05
    },
    {
      "epoch": 15,
      "train_loss": 10.582757314046225,
      "val_rmse": 23.741426403382963,
      "lr": 0.0
    }
  ]
}