{
  "fd": 4,
  "checkpoint": "C:\\Users\\micha\\zGTFinal\\outputs\\final_local_fd004\\model_fd004.pt",
  "calibration_file": "C:\\Users\\micha\\zGTFinal\\outputs\\final_local_fd004\\calibration_bundle_fd004.npz",
  "checkpoint_leakage_flag": true,
  "calibration_size": 10727,
  "pred_source": "cache:outputs\\phd_ultra\\fd004\\ablation\\m0p01_b12_mbs512\\audit_cache_fd004.npz",
  "tem_fleet_source": "tem_metrics:outputs\\phd_ultra\\fd004\\ablation\\m0p01_b12_mbs512\\tem_metrics_fd004.json",
  "num_runs": 248,
  "num_points": 34092,
  "use_conditional_calibration": true,
  "cap_implied_rul": true,
  "compute_tau_diagnostics": true,
  "predict_batch_size": 8192,
  "pvalue_safety_margin": 0.01,
  "pvalue_all": {
    "n": 34092,
    "mean_p": 0.5078271828529048,
    "frac_le_0.1": 0.08057608823184324,
    "frac_le_0.2": 0.1777836442567171,
    "frac_le_0.5": 0.48612577730845946,
    "superuniform_margin_0.1": 0.019423911768156762,
    "superuniform_margin_0.2": 0.0222163557432829,
    "superuniform_margin_0.5": 0.013874222691540539
  },
  "pvalue_healthy_prefix": {
    "n": 26513,
    "mean_p": 0.524423045759015,
    "frac_le_0.1": 0.07317165164259043,
    "frac_le_0.2": 0.15192547052389394,
    "frac_le_0.5": 0.4564930411496247,
    "superuniform_margin_0.1": 0.026828348357409576,
    "superuniform_margin_0.2": 0.048074529476106076,
    "superuniform_margin_0.5": 0.04350695885037531
  },
  "tem_fleet": {
    "num_engines": 248,
    "num_tau_diagnostics_engines": 181,
    "num_alerted": 5,
    "alert_rate": 0.020161290322580645,
    "mean_first_alert_step": 244.6,
    "mean_temporal_rul_coverage": 0.9539661880263142,
    "mean_temporal_tau_coverage": 0.9399824933393348,
    "tau_anytime_violation_rate": 0.1878453038674033
  },
  "notes": {
    "superuniform_reference": {
      "frac_le_0.1_should_be_<=~": 0.1,
      "frac_le_0.2_should_be_<=~": 0.2,
      "frac_le_0.5_should_be_<=~": 0.5
    }
  }
}