{
  "fd": 3,
  "checkpoint": "C:\\Users\\micha\\zGTFinal\\outputs\\final_local_fd003\\model_fd003.pt",
  "calibration_file": "C:\\Users\\micha\\zGTFinal\\outputs\\final_local_fd003\\calibration_bundle_fd003.npz",
  "checkpoint_leakage_flag": true,
  "calibration_size": 4361,
  "pred_source": "cache:outputs\\phd_ultra\\fd003\\ablation\\m0p02_b8_mbs512\\audit_cache_fd003.npz",
  "tem_fleet_source": "tem_metrics:outputs\\phd_ultra\\fd003\\ablation\\m0p02_b8_mbs512\\tem_metrics_fd003.json",
  "num_runs": 100,
  "num_points": 13696,
  "use_conditional_calibration": true,
  "cap_implied_rul": true,
  "compute_tau_diagnostics": true,
  "predict_batch_size": 8192,
  "pvalue_safety_margin": 0.02,
  "pvalue_all": {
    "n": 13696,
    "mean_p": 0.580106244018118,
    "frac_le_0.1": 0.06702686915887851,
    "frac_le_0.2": 0.16617990654205608,
    "frac_le_0.5": 0.4150116822429907,
    "superuniform_margin_0.1": 0.032973130841121495,
    "superuniform_margin_0.2": 0.03382009345794393,
    "superuniform_margin_0.5": 0.08498831775700932
  },
  "pvalue_healthy_prefix": {
    "n": 10457,
    "mean_p": 0.6257627204116981,
    "frac_le_0.1": 0.034139810653151,
    "frac_le_0.2": 0.1267093812757005,
    "frac_le_0.5": 0.36339294252653725,
    "superuniform_margin_0.1": 0.06586018934684901,
    "superuniform_margin_0.2": 0.07329061872429951,
    "superuniform_margin_0.5": 0.13660705747346275
  },
  "tem_fleet": {
    "num_engines": 100,
    "num_tau_diagnostics_engines": 85,
    "num_alerted": 1,
    "alert_rate": 0.01,
    "mean_first_alert_step": 255.0,
    "mean_temporal_rul_coverage": 0.9670572367384475,
    "mean_temporal_tau_coverage": 0.9640786768148993,
    "tau_anytime_violation_rate": 0.1411764705882353
  },
  "notes": {
    "superuniform_reference": {
      "frac_le_0.1_should_be_<=~": 0.1,
      "frac_le_0.2_should_be_<=~": 0.2,
      "frac_le_0.5_should_be_<=~": 0.5
    }
  }
}