{
  "fd": 1,
  "checkpoint": "outputs/_pub_fd001_valcal/model_fd001.pt",
  "calibration_file": "outputs/_pub_fd001_valcal/calibration_bundle_fd001.npz",
  "checkpoint_leakage_flag": true,
  "calibration_size": 3913,
  "pred_source": "cache:outputs\\_pub_fd001_valcal_fulltopo_m02\\audit_cache_fd001.npz",
  "tem_fleet_source": "tem_metrics:outputs\\_pub_fd001_valcal_fulltopo_m02\\tem_metrics_fd001.json",
  "num_runs": 100,
  "num_points": 10196,
  "use_conditional_calibration": true,
  "cap_implied_rul": true,
  "compute_tau_diagnostics": true,
  "predict_batch_size": 8192,
  "pvalue_safety_margin": 0.02,
  "pvalue_all": {
    "n": 10196,
    "mean_p": 0.588983316141692,
    "frac_le_0.1": 0.049333071792859944,
    "frac_le_0.2": 0.11641820321694782,
    "frac_le_0.5": 0.38054138877991367,
    "superuniform_margin_0.1": 0.05066692820714006,
    "superuniform_margin_0.2": 0.08358179678305219,
    "superuniform_margin_0.5": 0.11945861122008633
  },
  "pvalue_healthy_prefix": {
    "n": 7069,
    "mean_p": 0.5810885997881852,
    "frac_le_0.1": 0.05898995614655538,
    "frac_le_0.2": 0.13184325930117413,
    "frac_le_0.5": 0.39411515065780167,
    "superuniform_margin_0.1": 0.041010043853444623,
    "superuniform_margin_0.2": 0.06815674069882588,
    "superuniform_margin_0.5": 0.10588484934219833
  },
  "tem_fleet": {
    "num_engines": 100,
    "num_tau_diagnostics_engines": 89,
    "num_alerted": 0,
    "alert_rate": 0.0,
    "mean_first_alert_step": -1.0,
    "mean_temporal_rul_coverage": 0.9632326615687944,
    "mean_temporal_tau_coverage": 0.9608731528238637,
    "tau_anytime_violation_rate": 0.0898876404494382
  },
  "notes": {
    "superuniform_reference": {
      "frac_le_0.1_should_be_<=~": 0.1,
      "frac_le_0.2_should_be_<=~": 0.2,
      "frac_le_0.5_should_be_<=~": 0.5
    }
  }
}