{
  "fd": 1,
  "checkpoint": "outputs\\fd001_phd_main\\model_fd001.pt",
  "calibration_file": "outputs\\fd001_phd_main\\calibration_bundle_fd001.npz",
  "checkpoint_leakage_flag": true,
  "calibration_size": 1041,
  "use_conditional_calibration": true,
  "cap_implied_rul": true,
  "compute_tau_diagnostics": true,
  "pvalue_all": {
    "n": 10196,
    "mean_p": 0.46560284762746496,
    "frac_le_0.1": 0.1733032561788937,
    "frac_le_0.2": 0.2557865829737152,
    "frac_le_0.5": 0.5560023538642604,
    "superuniform_margin_0.1": -0.07330325617889369,
    "superuniform_margin_0.2": -0.05578658297371519,
    "superuniform_margin_0.5": -0.056002353864260446
  },
  "pvalue_healthy_prefix": {
    "n": 7069,
    "mean_p": 0.5008460083263893,
    "frac_le_0.1": 0.11698967322110623,
    "frac_le_0.2": 0.20172584523977932,
    "frac_le_0.5": 0.5132267647474891,
    "superuniform_margin_0.1": -0.016989673221106227,
    "superuniform_margin_0.2": -0.0017258452397793111,
    "superuniform_margin_0.5": -0.013226764747489073
  },
  "tem_fleet": {
    "num_engines": 100,
    "num_alerted": 6,
    "alert_rate": 0.06,
    "mean_first_alert_step": 105.0,
    "mean_temporal_rul_coverage": 0.9267952820100706,
    "mean_temporal_tau_coverage": 0.6058375370488257,
    "tau_anytime_violation_rate": 0.85
  },
  "notes": {
    "superuniform_reference": {
      "frac_le_0.1_should_be_<=~": 0.1,
      "frac_le_0.2_should_be_<=~": 0.2,
      "frac_le_0.5_should_be_<=~": 0.5
    }
  }
}