{
  "fd": 1,
  "checkpoint": "outputs/fd001_modal_smoke_local/model_fd001.pt",
  "calibration_file": "outputs/fd001_modal_smoke_local/calibration_residuals_fd001.npy",
  "checkpoint_leakage_flag": true,
  "calibration_size": 1041,
  "use_conditional_calibration": true,
  "cap_implied_rul": true,
  "compute_tau_diagnostics": true,
  "pvalue_all": {
    "n": 10196,
    "mean_p": 0.6653454521713928,
    "frac_le_0.1": 0.036582973715182425,
    "frac_le_0.2": 0.0876814437034131,
    "frac_le_0.5": 0.3566104354648882,
    "superuniform_margin_0.1": 0.06341702628481757,
    "superuniform_margin_0.2": 0.11231855629658691,
    "superuniform_margin_0.5": 0.1433895645351118
  },
  "pvalue_healthy_prefix": {
    "n": 7069,
    "mean_p": 0.5173096944885446,
    "frac_le_0.1": 0.052765596265384074,
    "frac_le_0.2": 0.12646767576743528,
    "frac_le_0.5": 0.5143584665440656,
    "superuniform_margin_0.1": 0.04723440373461593,
    "superuniform_margin_0.2": 0.07353232423256473,
    "superuniform_margin_0.5": -0.014358466544065585
  },
  "tem_fleet": {
    "num_engines": 100,
    "num_alerted": 0,
    "alert_rate": 0.0,
    "mean_first_alert_step": -1.0,
    "mean_temporal_rul_coverage": 0.9650122448474141,
    "mean_temporal_tau_coverage": 0.9904740104783737,
    "tau_anytime_violation_rate": 0.03
  },
  "notes": {
    "superuniform_reference": {
      "frac_le_0.1_should_be_<=~": 0.1,
      "frac_le_0.2_should_be_<=~": 0.2,
      "frac_le_0.5_should_be_<=~": 0.5
    }
  }
}