{
  "fd": 2,
  "checkpoint": "C:\\Users\\micha\\zGTFinal\\outputs\\final_local_fd002\\model_fd002.pt",
  "calibration_file": "C:\\Users\\micha\\zGTFinal\\outputs\\final_local_fd002\\calibration_bundle_fd002.npz",
  "checkpoint_leakage_flag": true,
  "calibration_size": 9148,
  "pred_source": "cache:outputs\\phd_ultra\\fd002\\ablation\\m0p01_b12_mbs128\\audit_cache_fd002.npz",
  "tem_fleet_source": "tem_metrics:outputs\\phd_ultra\\fd002\\ablation\\m0p01_b12_mbs128\\tem_metrics_fd002.json",
  "num_runs": 259,
  "num_points": 26511,
  "use_conditional_calibration": true,
  "cap_implied_rul": true,
  "compute_tau_diagnostics": true,
  "predict_batch_size": 8192,
  "pvalue_safety_margin": 0.01,
  "pvalue_all": {
    "n": 26511,
    "mean_p": 0.5048584204997463,
    "frac_le_0.1": 0.09731809437591943,
    "frac_le_0.2": 0.20466975972237939,
    "frac_le_0.5": 0.5063935724793482,
    "superuniform_margin_0.1": 0.002681905624080577,
    "superuniform_margin_0.2": -0.004669759722379374,
    "superuniform_margin_0.5": -0.006393572479348242
  },
  "pvalue_healthy_prefix": {
    "n": 17850,
    "mean_p": 0.5123476901010877,
    "frac_le_0.1": 0.0865546218487395,
    "frac_le_0.2": 0.1927170868347339,
    "frac_le_0.5": 0.4943977591036415,
    "superuniform_margin_0.1": 0.013445378151260512,
    "superuniform_margin_0.2": 0.007282913165266108,
    "superuniform_margin_0.5": 0.0056022408963585235
  },
  "tem_fleet": {
    "num_engines": 259,
    "num_tau_diagnostics_engines": 202,
    "num_alerted": 0,
    "alert_rate": 0.0,
    "mean_first_alert_step": -1.0,
    "mean_temporal_rul_coverage": 0.9530279422642853,
    "mean_temporal_tau_coverage": 0.9397734507249996,
    "tau_anytime_violation_rate": 0.1782178217821782
  },
  "notes": {
    "superuniform_reference": {
      "frac_le_0.1_should_be_<=~": 0.1,
      "frac_le_0.2_should_be_<=~": 0.2,
      "frac_le_0.5_should_be_<=~": 0.5
    }
  }
}