{
  "fd": 1,
  "checkpoint": "outputs\\fd001_phd_final\\model_fd001.pt",
  "calibration_file": "outputs\\fd001_phd_final\\calibration_bundle_fd001.npz",
  "checkpoint_leakage_flag": true,
  "calibration_size": 2625,
  "use_conditional_calibration": true,
  "cap_implied_rul": true,
  "compute_tau_diagnostics": true,
  "pvalue_all": {
    "n": 10196,
    "mean_p": 0.5162160445560381,
    "frac_le_0.1": 0.12102785406041584,
    "frac_le_0.2": 0.1968418987838368,
    "frac_le_0.5": 0.4607689289917615,
    "superuniform_margin_0.1": -0.021027854060415838,
    "superuniform_margin_0.2": 0.0031581012161632227,
    "superuniform_margin_0.5": 0.03923107100823853
  },
  "pvalue_healthy_prefix": {
    "n": 7069,
    "mean_p": 0.5367985047521505,
    "frac_le_0.1": 0.10256047531475457,
    "frac_le_0.2": 0.16423822322817938,
    "frac_le_0.5": 0.4372612816522846,
    "superuniform_margin_0.1": -0.0025604753147545622,
    "superuniform_margin_0.2": 0.03576177677182063,
    "superuniform_margin_0.5": 0.06273871834771538
  },
  "tem_fleet": {
    "num_engines": 100,
    "num_tau_diagnostics_engines": 89,
    "num_alerted": 0,
    "alert_rate": 0.0,
    "mean_first_alert_step": -1.0,
    "mean_temporal_rul_coverage": 0.9760652824544503,
    "mean_temporal_tau_coverage": 0.9756039378389578,
    "tau_anytime_violation_rate": 0.07865168539325842
  },
  "notes": {
    "superuniform_reference": {
      "frac_le_0.1_should_be_<=~": 0.1,
      "frac_le_0.2_should_be_<=~": 0.2,
      "frac_le_0.5_should_be_<=~": 0.5
    }
  }
}