{
  "fd": 2,
  "checkpoint": "C:\\Users\\micha\\zGTFinal\\outputs\\final_local_fd002\\model_fd002.pt",
  "calibration_file": "C:\\Users\\micha\\zGTFinal\\outputs\\final_local_fd002\\calibration_bundle_fd002.npz",
  "checkpoint_leakage_flag": true,
  "calibration_size": 9148,
  "pred_source": "cache:outputs\\phd_ultra\\fd002\\ablation\\m0p02_b12_mbs512\\audit_cache_fd002.npz",
  "tem_fleet_source": "tem_metrics:outputs\\phd_ultra\\fd002\\ablation\\m0p02_b12_mbs512\\tem_metrics_fd002.json",
  "num_runs": 259,
  "num_points": 26511,
  "use_conditional_calibration": true,
  "cap_implied_rul": true,
  "compute_tau_diagnostics": true,
  "predict_batch_size": 8192,
  "pvalue_safety_margin": 0.02,
  "pvalue_all": {
    "n": 26511,
    "mean_p": 0.5138171268640855,
    "frac_le_0.1": 0.08332390328542869,
    "frac_le_0.2": 0.19161857342235297,
    "frac_le_0.5": 0.4967372034249934,
    "superuniform_margin_0.1": 0.01667609671457132,
    "superuniform_margin_0.2": 0.008381426577647039,
    "superuniform_margin_0.5": 0.00326279657500661
  },
  "pvalue_healthy_prefix": {
    "n": 17850,
    "mean_p": 0.5208930411167487,
    "frac_le_0.1": 0.07316526610644258,
    "frac_le_0.2": 0.1792717086834734,
    "frac_le_0.5": 0.4857703081232493,
    "superuniform_margin_0.1": 0.026834733893557422,
    "superuniform_margin_0.2": 0.02072829131652662,
    "superuniform_margin_0.5": 0.014229691876750716
  },
  "tem_fleet": {
    "num_engines": 259,
    "num_tau_diagnostics_engines": 202,
    "num_alerted": 1,
    "alert_rate": 0.003861003861003861,
    "mean_first_alert_step": 141.0,
    "mean_temporal_rul_coverage": 0.956329482381254,
    "mean_temporal_tau_coverage": 0.9440066135482414,
    "tau_anytime_violation_rate": 0.16831683168316833
  },
  "notes": {
    "superuniform_reference": {
      "frac_le_0.1_should_be_<=~": 0.1,
      "frac_le_0.2_should_be_<=~": 0.2,
      "frac_le_0.5_should_be_<=~": 0.5
    }
  }
}