{
  "fd": 2,
  "checkpoint": "C:\\Users\\micha\\zGTFinal\\outputs\\final_local_fd002\\model_fd002.pt",
  "calibration_file": "C:\\Users\\micha\\zGTFinal\\outputs\\final_local_fd002\\calibration_bundle_fd002.npz",
  "checkpoint_leakage_flag": true,
  "calibration_size": 9148,
  "pred_source": "cache:outputs\\phd_ultra\\fd002\\ablation\\m0p0_b12_mbs128\\audit_cache_fd002.npz",
  "tem_fleet_source": "tem_metrics:outputs\\phd_ultra\\fd002\\ablation\\m0p0_b12_mbs128\\tem_metrics_fd002.json",
  "num_runs": 259,
  "num_points": 26511,
  "use_conditional_calibration": true,
  "cap_implied_rul": true,
  "compute_tau_diagnostics": true,
  "predict_batch_size": 8192,
  "pvalue_safety_margin": 0.0,
  "pvalue_all": {
    "n": 26511,
    "mean_p": 0.49497127551428016,
    "frac_le_0.1": 0.10712534419674852,
    "frac_le_0.2": 0.2147033306929199,
    "frac_le_0.5": 0.5143902531024858,
    "superuniform_margin_0.1": -0.007125344196748512,
    "superuniform_margin_0.2": -0.014703330692919903,
    "superuniform_margin_0.5": -0.014390253102485762
  },
  "pvalue_healthy_prefix": {
    "n": 17850,
    "mean_p": 0.5024807199948005,
    "frac_le_0.1": 0.09372549019607843,
    "frac_le_0.2": 0.20095238095238097,
    "frac_le_0.5": 0.5016246498599439,
    "superuniform_margin_0.1": 0.00627450980392158,
    "superuniform_margin_0.2": -0.0009523809523809545,
    "superuniform_margin_0.5": -0.0016246498599439274
  },
  "tem_fleet": {
    "num_engines": 259,
    "num_tau_diagnostics_engines": 202,
    "num_alerted": 0,
    "alert_rate": 0.0,
    "mean_first_alert_step": -1.0,
    "mean_temporal_rul_coverage": 0.9499502741033239,
    "mean_temporal_tau_coverage": 0.9358273316473312,
    "tau_anytime_violation_rate": 0.19306930693069307
  },
  "notes": {
    "superuniform_reference": {
      "frac_le_0.1_should_be_<=~": 0.1,
      "frac_le_0.2_should_be_<=~": 0.2,
      "frac_le_0.5_should_be_<=~": 0.5
    }
  }
}