{
  "fd": 4,
  "checkpoint": "C:\\Users\\micha\\zGTFinal\\outputs\\final_local_fd004\\model_fd004.pt",
  "calibration_file": "C:\\Users\\micha\\zGTFinal\\outputs\\final_local_fd004\\calibration_bundle_fd004.npz",
  "checkpoint_leakage_flag": true,
  "calibration_size": 10727,
  "pred_source": "cache:outputs\\phd_ultra\\fd004\\ablation\\m0p05_b8_mbs512\\audit_cache_fd004.npz",
  "tem_fleet_source": "tem_metrics:outputs\\phd_ultra\\fd004\\ablation\\m0p05_b8_mbs512\\tem_metrics_fd004.json",
  "num_runs": 248,
  "num_points": 34092,
  "use_conditional_calibration": true,
  "cap_implied_rul": true,
  "compute_tau_diagnostics": true,
  "predict_batch_size": 8192,
  "pvalue_safety_margin": 0.05,
  "pvalue_all": {
    "n": 34092,
    "mean_p": 0.5464389593789336,
    "frac_le_0.1": 0.04822245688137979,
    "frac_le_0.2": 0.13780359028511088,
    "frac_le_0.5": 0.44450310923383785,
    "superuniform_margin_0.1": 0.05177754311862021,
    "superuniform_margin_0.2": 0.06219640971488913,
    "superuniform_margin_0.5": 0.055496890766162155
  },
  "pvalue_healthy_prefix": {
    "n": 26513,
    "mean_p": 0.5649681745674011,
    "frac_le_0.1": 0.04639233583525063,
    "frac_le_0.2": 0.11737638139780485,
    "frac_le_0.5": 0.40893146758194093,
    "superuniform_margin_0.1": 0.05360766416474937,
    "superuniform_margin_0.2": 0.08262361860219516,
    "superuniform_margin_0.5": 0.09106853241805907
  },
  "tem_fleet": {
    "num_engines": 248,
    "num_tau_diagnostics_engines": 181,
    "num_alerted": 3,
    "alert_rate": 0.012096774193548387,
    "mean_first_alert_step": 240.66666666666666,
    "mean_temporal_rul_coverage": 0.968308626878567,
    "mean_temporal_tau_coverage": 0.9571166091700429,
    "tau_anytime_violation_rate": 0.12154696132596685
  },
  "notes": {
    "superuniform_reference": {
      "frac_le_0.1_should_be_<=~": 0.1,
      "frac_le_0.2_should_be_<=~": 0.2,
      "frac_le_0.5_should_be_<=~": 0.5
    }
  }
}