{
  "fd": 1,
  "checkpoint": "outputs/_pub_fd001_e5/model_fd001.pt",
  "calibration_file": "outputs/_pub_fd001_e5/calibration_bundle_fd001.npz",
  "checkpoint_leakage_flag": true,
  "calibration_size": 2625,
  "pred_source": "cache:outputs\\_pub_fd001_e5_globalcal\\audit_cache_fd001.npz",
  "tem_fleet_source": "tem_metrics:outputs\\_pub_fd001_e5_globalcal\\tem_metrics_fd001.json",
  "num_runs": 100,
  "num_points": 10196,
  "use_conditional_calibration": false,
  "cap_implied_rul": true,
  "compute_tau_diagnostics": true,
  "predict_batch_size": 8192,
  "pvalue_all": {
    "n": 10196,
    "mean_p": 0.3163023774387579,
    "frac_le_0.1": 0.13721067085131425,
    "frac_le_0.2": 0.4253628874068262,
    "frac_le_0.5": 0.7737347979599843,
    "superuniform_margin_0.1": -0.03721067085131424,
    "superuniform_margin_0.2": -0.2253628874068262,
    "superuniform_margin_0.5": -0.27373479795998434
  },
  "pvalue_healthy_prefix": {
    "n": 7069,
    "mean_p": 0.1847747214191696,
    "frac_le_0.1": 0.19790635167633328,
    "frac_le_0.2": 0.6133823737445183,
    "frac_le_0.5": 0.9960390437119819,
    "superuniform_margin_0.1": -0.09790635167633327,
    "superuniform_margin_0.2": -0.4133823737445183,
    "superuniform_margin_0.5": -0.49603904371198193
  },
  "tem_fleet": {
    "num_engines": 100,
    "num_tau_diagnostics_engines": 89,
    "num_alerted": 0,
    "alert_rate": 0.0,
    "mean_first_alert_step": -1.0,
    "mean_temporal_rul_coverage": 0.7990783485446522,
    "mean_temporal_tau_coverage": 0.7918428465091957,
    "tau_anytime_violation_rate": 0.449438202247191
  },
  "notes": {
    "superuniform_reference": {
      "frac_le_0.1_should_be_<=~": 0.1,
      "frac_le_0.2_should_be_<=~": 0.2,
      "frac_le_0.5_should_be_<=~": 0.5
    }
  }
}