{
  "fd": 2,
  "checkpoint": "outputs/_pub_fd002_valcal/model_fd002.pt",
  "calibration_file": "outputs/_pub_fd002_valcal/calibration_bundle_fd002.npz",
  "checkpoint_leakage_flag": true,
  "calibration_size": 9148,
  "pred_source": "cache:outputs\\_pub_fd002_valcal_bins4\\audit_cache_fd002.npz",
  "tem_fleet_source": "tem_metrics:outputs\\_pub_fd002_valcal_bins4\\tem_metrics_fd002.json",
  "num_runs": 259,
  "num_points": 26511,
  "use_conditional_calibration": true,
  "cap_implied_rul": true,
  "compute_tau_diagnostics": true,
  "predict_batch_size": 8192,
  "pvalue_all": {
    "n": 26511,
    "mean_p": 0.4997593319551018,
    "frac_le_0.1": 0.11489570367017464,
    "frac_le_0.2": 0.22530270453773904,
    "frac_le_0.5": 0.49986797932933497,
    "superuniform_margin_0.1": -0.014895703670174634,
    "superuniform_margin_0.2": -0.02530270453773903,
    "superuniform_margin_0.5": 0.00013202067066503398
  },
  "pvalue_healthy_prefix": {
    "n": 17850,
    "mean_p": 0.518179724209862,
    "frac_le_0.1": 0.10011204481792717,
    "frac_le_0.2": 0.1991596638655462,
    "frac_le_0.5": 0.4726610644257703,
    "superuniform_margin_0.1": -0.00011204481792716214,
    "superuniform_margin_0.2": 0.0008403361344538063,
    "superuniform_margin_0.5": 0.027338935574229672
  },
  "tem_fleet": {
    "num_engines": 259,
    "num_tau_diagnostics_engines": 202,
    "num_alerted": 1,
    "alert_rate": 0.003861003861003861,
    "mean_first_alert_step": 137.0,
    "mean_temporal_rul_coverage": 0.9316229808426519,
    "mean_temporal_tau_coverage": 0.9123284754368656,
    "tau_anytime_violation_rate": 0.22277227722772278
  },
  "notes": {
    "superuniform_reference": {
      "frac_le_0.1_should_be_<=~": 0.1,
      "frac_le_0.2_should_be_<=~": 0.2,
      "frac_le_0.5_should_be_<=~": 0.5
    }
  }
}