{
  "fd": 1,
  "checkpoint": "C:\\Users\\micha\\zGTFinal\\outputs\\final_local_fd001\\model_fd001.pt",
  "calibration_file": "C:\\Users\\micha\\zGTFinal\\outputs\\final_local_fd001\\calibration_bundle_fd001.npz",
  "checkpoint_leakage_flag": true,
  "calibration_size": 3913,
  "pred_source": "cache:outputs\\phd_ultra\\fd001\\ablation\\m0p01_b8_mbs512\\audit_cache_fd001.npz",
  "tem_fleet_source": "tem_metrics:outputs\\phd_ultra\\fd001\\ablation\\m0p01_b8_mbs512\\tem_metrics_fd001.json",
  "num_runs": 100,
  "num_points": 10196,
  "use_conditional_calibration": true,
  "cap_implied_rul": true,
  "compute_tau_diagnostics": true,
  "predict_batch_size": 8192,
  "pvalue_safety_margin": 0.01,
  "pvalue_all": {
    "n": 10196,
    "mean_p": 0.5628045955992433,
    "frac_le_0.1": 0.06747744213417026,
    "frac_le_0.2": 0.1327971753628874,
    "frac_le_0.5": 0.41339741074931347,
    "superuniform_margin_0.1": 0.03252255786582975,
    "superuniform_margin_0.2": 0.06720282463711261,
    "superuniform_margin_0.5": 0.08660258925068653
  },
  "pvalue_healthy_prefix": {
    "n": 7069,
    "mean_p": 0.5623703463928694,
    "frac_le_0.1": 0.07511670674777196,
    "frac_le_0.2": 0.14033102277549866,
    "frac_le_0.5": 0.4146272457207526,
    "superuniform_margin_0.1": 0.024883293252228045,
    "superuniform_margin_0.2": 0.059668977224501346,
    "superuniform_margin_0.5": 0.0853727542792474
  },
  "tem_fleet": {
    "num_engines": 100,
    "num_tau_diagnostics_engines": 89,
    "num_alerted": 1,
    "alert_rate": 0.01,
    "mean_first_alert_step": 121.0,
    "mean_temporal_rul_coverage": 0.9738394307227682,
    "mean_temporal_tau_coverage": 0.9734150906997394,
    "tau_anytime_violation_rate": 0.07865168539325842
  },
  "notes": {
    "superuniform_reference": {
      "frac_le_0.1_should_be_<=~": 0.1,
      "frac_le_0.2_should_be_<=~": 0.2,
      "frac_le_0.5_should_be_<=~": 0.5
    }
  }
}