{
  "fd": 3,
  "checkpoint": "C:\\Users\\micha\\zGTFinal\\outputs\\final_local_fd003\\model_fd003.pt",
  "calibration_file": "C:\\Users\\micha\\zGTFinal\\outputs\\final_local_fd003\\calibration_bundle_fd003.npz",
  "checkpoint_leakage_flag": true,
  "calibration_size": 4361,
  "pred_source": "cache:outputs\\phd_ultra\\fd003\\ablation\\m0p05_b12_mbs512\\audit_cache_fd003.npz",
  "tem_fleet_source": "tem_metrics:outputs\\phd_ultra\\fd003\\ablation\\m0p05_b12_mbs512\\tem_metrics_fd003.json",
  "num_runs": 100,
  "num_points": 13696,
  "use_conditional_calibration": true,
  "cap_implied_rul": true,
  "compute_tau_diagnostics": true,
  "predict_batch_size": 8192,
  "pvalue_safety_margin": 0.05,
  "pvalue_all": {
    "n": 13696,
    "mean_p": 0.5803220919146376,
    "frac_le_0.1": 0.04599883177570094,
    "frac_le_0.2": 0.16063084112149534,
    "frac_le_0.5": 0.4425379672897196,
    "superuniform_margin_0.1": 0.05400116822429907,
    "superuniform_margin_0.2": 0.03936915887850467,
    "superuniform_margin_0.5": 0.057462032710280386
  },
  "pvalue_healthy_prefix": {
    "n": 10457,
    "mean_p": 0.6461599681292108,
    "frac_le_0.1": 0.013770679927321412,
    "frac_le_0.2": 0.10318446973319308,
    "frac_le_0.5": 0.35526441618054894,
    "superuniform_margin_0.1": 0.0862293200726786,
    "superuniform_margin_0.2": 0.09681553026680693,
    "superuniform_margin_0.5": 0.14473558381945106
  },
  "tem_fleet": {
    "num_engines": 100,
    "num_tau_diagnostics_engines": 85,
    "num_alerted": 2,
    "alert_rate": 0.02,
    "mean_first_alert_step": 182.0,
    "mean_temporal_rul_coverage": 0.9706452696225079,
    "mean_temporal_tau_coverage": 0.9674494313064231,
    "tau_anytime_violation_rate": 0.12941176470588237
  },
  "notes": {
    "superuniform_reference": {
      "frac_le_0.1_should_be_<=~": 0.1,
      "frac_le_0.2_should_be_<=~": 0.2,
      "frac_le_0.5_should_be_<=~": 0.5
    }
  }
}