{
  "fd": 1,
  "checkpoint": "C:\\Users\\micha\\zGTFinal\\outputs\\final_local_fd001\\model_fd001.pt",
  "calibration_file": "C:\\Users\\micha\\zGTFinal\\outputs\\final_local_fd001\\calibration_bundle_fd001.npz",
  "checkpoint_leakage_flag": true,
  "calibration_size": 3913,
  "pred_source": "cache:outputs\\phd_ultra\\fd001\\ablation\\m0p05_b12_mbs128\\audit_cache_fd001.npz",
  "tem_fleet_source": "tem_metrics:outputs\\phd_ultra\\fd001\\ablation\\m0p05_b12_mbs128\\tem_metrics_fd001.json",
  "num_runs": 100,
  "num_points": 10196,
  "use_conditional_calibration": true,
  "cap_implied_rul": true,
  "compute_tau_diagnostics": true,
  "predict_batch_size": 8192,
  "pvalue_safety_margin": 0.05,
  "pvalue_all": {
    "n": 10196,
    "mean_p": 0.611941837109607,
    "frac_le_0.1": 0.05001961553550412,
    "frac_le_0.2": 0.11985092193016869,
    "frac_le_0.5": 0.3494507650058847,
    "superuniform_margin_0.1": 0.04998038446449589,
    "superuniform_margin_0.2": 0.08014907806983132,
    "superuniform_margin_0.5": 0.15054923499411532
  },
  "pvalue_healthy_prefix": {
    "n": 7069,
    "mean_p": 0.624104187399997,
    "frac_le_0.1": 0.03819493563446032,
    "frac_le_0.2": 0.09364832366671381,
    "frac_le_0.5": 0.3300325364266516,
    "superuniform_margin_0.1": 0.06180506436553969,
    "superuniform_margin_0.2": 0.1063516763332862,
    "superuniform_margin_0.5": 0.1699674635733484
  },
  "tem_fleet": {
    "num_engines": 100,
    "num_tau_diagnostics_engines": 89,
    "num_alerted": 1,
    "alert_rate": 0.01,
    "mean_first_alert_step": 135.0,
    "mean_temporal_rul_coverage": 0.9788140576828109,
    "mean_temporal_tau_coverage": 0.9779641929852639,
    "tau_anytime_violation_rate": 0.056179775280898875
  },
  "notes": {
    "superuniform_reference": {
      "frac_le_0.1_should_be_<=~": 0.1,
      "frac_le_0.2_should_be_<=~": 0.2,
      "frac_le_0.5_should_be_<=~": 0.5
    }
  }
}