{
  "fd": 2,
  "checkpoint": "C:\\Users\\micha\\zGTFinal\\outputs\\final_local_fd002\\model_fd002.pt",
  "calibration_file": "C:\\Users\\micha\\zGTFinal\\outputs\\final_local_fd002\\calibration_bundle_fd002.npz",
  "checkpoint_leakage_flag": true,
  "calibration_size": 9148,
  "pred_source": "cache:outputs\\phd_ultra\\fd002\\ablation\\m0p05_b12_mbs128\\audit_cache_fd002.npz",
  "tem_fleet_source": "tem_metrics:outputs\\phd_ultra\\fd002\\ablation\\m0p05_b12_mbs128\\tem_metrics_fd002.json",
  "num_runs": 259,
  "num_points": 26511,
  "use_conditional_calibration": true,
  "cap_implied_rul": true,
  "compute_tau_diagnostics": true,
  "predict_batch_size": 8192,
  "pvalue_safety_margin": 0.05,
  "pvalue_all": {
    "n": 26511,
    "mean_p": 0.5430550467291257,
    "frac_le_0.1": 0.04692391837350534,
    "frac_le_0.2": 0.15963185092980273,
    "frac_le_0.5": 0.4712006336992192,
    "superuniform_margin_0.1": 0.053076081626494666,
    "superuniform_margin_0.2": 0.040368149070197284,
    "superuniform_margin_0.5": 0.028799366300780782
  },
  "pvalue_healthy_prefix": {
    "n": 17850,
    "mean_p": 0.5504078042946705,
    "frac_le_0.1": 0.04492997198879552,
    "frac_le_0.2": 0.1465546218487395,
    "frac_le_0.5": 0.46095238095238095,
    "superuniform_margin_0.1": 0.05507002801120449,
    "superuniform_margin_0.2": 0.05344537815126052,
    "superuniform_margin_0.5": 0.03904761904761905
  },
  "tem_fleet": {
    "num_engines": 259,
    "num_tau_diagnostics_engines": 202,
    "num_alerted": 0,
    "alert_rate": 0.0,
    "mean_first_alert_step": -1.0,
    "mean_temporal_rul_coverage": 0.963676858386002,
    "mean_temporal_tau_coverage": 0.953427259019676,
    "tau_anytime_violation_rate": 0.13366336633663367
  },
  "notes": {
    "superuniform_reference": {
      "frac_le_0.1_should_be_<=~": 0.1,
      "frac_le_0.2_should_be_<=~": 0.2,
      "frac_le_0.5_should_be_<=~": 0.5
    }
  }
}