{
  "fd": 2,
  "checkpoint": "C:\\Users\\micha\\zGTFinal\\outputs\\final_local_fd002\\model_fd002.pt",
  "calibration_file": "C:\\Users\\micha\\zGTFinal\\outputs\\final_local_fd002\\calibration_bundle_fd002.npz",
  "checkpoint_leakage_flag": true,
  "calibration_size": 9148,
  "pred_source": "cache:outputs\\phd_ultra\\fd002\\ablation\\m0p02_b12_mbs128\\audit_cache_fd002.npz",
  "tem_fleet_source": "tem_metrics:outputs\\phd_ultra\\fd002\\ablation\\m0p02_b12_mbs128\\tem_metrics_fd002.json",
  "num_runs": 259,
  "num_points": 26511,
  "use_conditional_calibration": true,
  "cap_implied_rul": true,
  "compute_tau_diagnostics": true,
  "predict_batch_size": 8192,
  "pvalue_safety_margin": 0.02,
  "pvalue_all": {
    "n": 26511,
    "mean_p": 0.5145849163401952,
    "frac_le_0.1": 0.08351250424352155,
    "frac_le_0.2": 0.19184489457206444,
    "frac_le_0.5": 0.4971521255327977,
    "superuniform_margin_0.1": 0.016487495756478454,
    "superuniform_margin_0.2": 0.008155105427935572,
    "superuniform_margin_0.5": 0.002847874467202305
  },
  "pvalue_healthy_prefix": {
    "n": 17850,
    "mean_p": 0.5220333697890817,
    "frac_le_0.1": 0.07344537815126051,
    "frac_le_0.2": 0.1796078431372549,
    "frac_le_0.5": 0.48638655462184877,
    "superuniform_margin_0.1": 0.026554621848739496,
    "superuniform_margin_0.2": 0.02039215686274512,
    "superuniform_margin_0.5": 0.013613445378151234
  },
  "tem_fleet": {
    "num_engines": 259,
    "num_tau_diagnostics_engines": 202,
    "num_alerted": 0,
    "alert_rate": 0.0,
    "mean_first_alert_step": -1.0,
    "mean_temporal_rul_coverage": 0.9563606097278111,
    "mean_temporal_tau_coverage": 0.9440465243539757,
    "tau_anytime_violation_rate": 0.16831683168316833
  },
  "notes": {
    "superuniform_reference": {
      "frac_le_0.1_should_be_<=~": 0.1,
      "frac_le_0.2_should_be_<=~": 0.2,
      "frac_le_0.5_should_be_<=~": 0.5
    }
  }
}