{
  "fd": 2,
  "checkpoint": "outputs/_pub_fd002_valcal/model_fd002.pt",
  "calibration_file": "outputs/_pub_fd002_valcal/calibration_bundle_fd002.npz",
  "checkpoint_leakage_flag": true,
  "calibration_size": 9148,
  "pred_source": "cache:outputs\\_pub_fd002_valcal\\audit_cache_fd002.npz",
  "tem_fleet_source": "tem_metrics:outputs\\_pub_fd002_valcal\\tem_metrics_fd002.json",
  "num_runs": 259,
  "num_points": 26511,
  "use_conditional_calibration": true,
  "cap_implied_rul": true,
  "compute_tau_diagnostics": true,
  "predict_batch_size": 8192,
  "pvalue_all": {
    "n": 26511,
    "mean_p": 0.48970621586745056,
    "frac_le_0.1": 0.10565425672362416,
    "frac_le_0.2": 0.22816943910075063,
    "frac_le_0.5": 0.5169175059409302,
    "superuniform_margin_0.1": -0.005654256723624157,
    "superuniform_margin_0.2": -0.02816943910075062,
    "superuniform_margin_0.5": -0.016917505940930222
  },
  "pvalue_healthy_prefix": {
    "n": 17850,
    "mean_p": 0.5210062174623379,
    "frac_le_0.1": 0.0853781512605042,
    "frac_le_0.2": 0.19187675070028012,
    "frac_le_0.5": 0.4719327731092437,
    "superuniform_margin_0.1": 0.014621848739495805,
    "superuniform_margin_0.2": 0.008123249299719887,
    "superuniform_margin_0.5": 0.028067226890756303
  },
  "tem_fleet": {
    "num_engines": 259,
    "num_tau_diagnostics_engines": 202,
    "num_alerted": 0,
    "alert_rate": 0.0,
    "mean_first_alert_step": -1.0,
    "mean_temporal_rul_coverage": 0.9314271720713969,
    "mean_temporal_tau_coverage": 0.912077413695504,
    "tau_anytime_violation_rate": 0.22772277227722773
  },
  "notes": {
    "superuniform_reference": {
      "frac_le_0.1_should_be_<=~": 0.1,
      "frac_le_0.2_should_be_<=~": 0.2,
      "frac_le_0.5_should_be_<=~": 0.5
    }
  }
}