{
  "device": "cuda",
  "epochs": 15,
  "best_val_rmse": 23.14075276811712,
  "final_val_rmse": 23.14075276811712,
  "test_last_rmse": 21.74406622559741,
  "test_last_mae": 17.29558563232422,
  "training_seconds": 17.71694319997914,
  "num_train_samples": 37071,
  "num_val_samples": 9148,
  "num_test_samples": 259,
  "calibration_size": 9148,
  "calibration_bundle_path": "C:\\Users\\micha\\zGTFinal\\outputs\\publication_final\\strict_main\\fd002\\calibration_bundle_fd002.npz",
  "calibration_source": "val",
  "calibration_fraction": 0.2,
  "calibration_rul_floor": 1.0,
  "leakage_check_passed": true,
  "num_train_runs": 208,
  "num_calibration_runs": 52,
  "train_run_indices": [
    0,
    1,
    2,
    3,
    4,
    5,
    6,
    7,
    8,
    9,
    10,
    11,
    12,
    13,
    14,
    15,
    16,
    17,
    18,
    19,
    20,
    21,
    22,
    23,
    24,
    25,
    26,
    27,
    28,
    29,
    30,
    31,
    32,
    33,
    34,
    35,
    36,
    37,
    38,
    39,
    40,
    41,
    42,
    43,
    44,
    45,
    46,
    47,
    48,
    49,
    50,
    51,
    52,
    53,
    54,
    55,
    56,
    57,
    58,
    59,
    60,
    61,
    62,
    63,
    64,
    65,
    66,
    67,
    68,
    69,
    70,
    71,
    72,
    73,
    74,
    75,
    76,
    77,
    78,
    79,
    80,
    81,
    82,
    83,
    84,
    85,
    86,
    87,
    88,
    89,
    90,
    91,
    92,
    93,
    94,
    95,
    96,
    97,
    98,
    99,
    100,
    101,
    102,
    103,
    104,
    105,
    106,
    107,
    108,
    109,
    110,
    111,
    112,
    113,
    114,
    115,
    116,
    117,
    118,
    119,
    120,
    121,
    122,
    123,
    124,
    125,
    126,
    127,
    128,
    129,
    130,
    131,
    132,
    133,
    134,
    135,
    136,
    137,
    138,
    139,
    140,
    141,
    142,
    143,
    144,
    145,
    146,
    147,
    148,
    149,
    150,
    151,
    152,
    153,
    154,
    155,
    156,
    157,
    158,
    159,
    160,
    161,
    162,
    163,
    164,
    165,
    166,
    167,
    168,
    169,
    170,
    171,
    172,
    173,
    174,
    175,
    176,
    177,
    178,
    179,
    180,
    181,
    182,
    183,
    184,
    185,
    186,
    187,
    188,
    189,
    190,
    191,
    192,
    193,
    194,
    195,
    196,
    197,
    198,
    199,
    200,
    201,
    202,
    203,
    204,
    205,
    206,
    207
  ],
  "calibration_run_indices": [
    0,
    1,
    2,
    3,
    4,
    5,
    6,
    7,
    8,
    9,
    10,
    11,
    12,
    13,
    14,
    15,
    16,
    17,
    18,
    19,
    20,
    21,
    22,
    23,
    24,
    25,
    26,
    27,
    28,
    29,
    30,
    31,
    32,
    33,
    34,
    35,
    36,
    37,
    38,
    39,
    40,
    41,
    42,
    43,
    44,
    45,
    46,
    47,
    48,
    49,
    50,
    51
  ],
  "history": [
    {
      "epoch": 1,
      "train_loss": 70.58866922478927,
      "val_rmse": 73.61314015274874,
      "lr": 0.0029672214011007086
    },
    {
      "epoch": 2,
      "train_loss": 34.26682713157252,
      "val_rmse": 31.098660432488632,
      "lr": 0.0028703181864639014
    },
    {
      "epoch": 3,
      "train_loss": 17.1859040009348,
      "val_rmse": 28.890023859962604,
      "lr": 0.0027135254915624215
    },
    {
      "epoch": 4,
      "train_loss": 14.939079886988589,
      "val_rmse": 27.426198944711157,
      "lr": 0.002503695909538288
    },
    {
      "epoch": 5,
      "train_loss": 13.967523424248947,
      "val_rmse": 23.266522067907427,
      "lr": 0.0022500000000000003
    },
    {
      "epoch": 6,
      "train_loss": 13.318879127502441,
      "val_rmse": 28.77313551028726,
      "lr": 0.0019635254915624217
    },
    {
      "epoch": 7,
      "train_loss": 12.861219857868395,
      "val_rmse": 23.629359703046358,
      "lr": 0.0016567926949014808
    },
    {
      "epoch": 8,
      "train_loss": 12.388083859493857,
      "val_rmse": 26.244219802109292,
      "lr": 0.0013432073050985206
    },
    {
      "epoch": 9,
      "train_loss": 11.78813332005551,
      "val_rmse": 23.14075276811712,
      "lr": 0.0010364745084375795
    },
    {
      "epoch": 10,
      "train_loss": 11.298472906413831,
      "val_rmse": 23.98431991812253,
      "lr": 0.0007500000000000007
    },
    {
      "epoch": 11,
      "train_loss": 11.155641656172904,
      "val_rmse": 23.221453044045834,
      "lr": 0.0004963040904617134
    },
    {
      "epoch": 12,
      "train_loss": 10.592076401961478,
      "val_rmse": 23.341245175888822,
      "lr": 0.0002864745084375791
    },
    {
      "epoch": 13,
      "train_loss": 10.425376892089844,
      "val_rmse": 23.416364139894522,
      "lr": 0.00012968181353609857
    },
    {
      "epoch": 14,
      "train_loss": 10.275481625607139,
      "val_rmse": 23.241535845122115,
      "lr": 3.277859889929148e-05
    },
    {
      "epoch": 15,
      "train_loss": 10.21009686118678,
      "val_rmse": 23.18463045326541,
      "lr": 0.0
    }
  ]
}