{
  "dataset": "cmapss",
  "fd": 2,
  "device": "cuda",
  "epochs": 10,
  "best_val_rmse": 22.812551096755985,
  "final_val_rmse": 22.812551096755985,
  "test_last_rmse_raw": 21.070378067934037,
  "test_last_rmse": 21.041655043719295,
  "test_last_mae": 16.49300193050193,
  "test_seq_rmse": 23.548211963322903,
  "test_seq_mae": 19.20609354961148,
  "training_seconds": 316.2121466999961,
  "num_train_samples": 37071,
  "num_val_samples": 9148,
  "num_test_samples": 259,
  "num_train_runs": 208,
  "num_calibration_runs": 52,
  "lr": 0.003,
  "weight_decay": 0.0001,
  "hidden": 128,
  "depth": 4,
  "dropout": 0.05,
  "calibration_source_requested": "val",
  "calibration_source_used": "val",
  "calibration_fallback_reason": "",
  "calibration_fraction": 0.2,
  "leakage_check_passed": true,
  "train_run_indices": [
    0,
    1,
    2,
    3,
    4,
    5,
    6,
    7,
    8,
    9,
    10,
    11,
    12,
    13,
    14,
    15,
    16,
    17,
    18,
    19,
    20,
    21,
    22,
    23,
    24,
    25,
    26,
    27,
    28,
    29,
    30,
    31,
    32,
    33,
    34,
    35,
    36,
    37,
    38,
    39,
    40,
    41,
    42,
    43,
    44,
    45,
    46,
    47,
    48,
    49,
    50,
    51,
    52,
    53,
    54,
    55,
    56,
    57,
    58,
    59,
    60,
    61,
    62,
    63,
    64,
    65,
    66,
    67,
    68,
    69,
    70,
    71,
    72,
    73,
    74,
    75,
    76,
    77,
    78,
    79,
    80,
    81,
    82,
    83,
    84,
    85,
    86,
    87,
    88,
    89,
    90,
    91,
    92,
    93,
    94,
    95,
    96,
    97,
    98,
    99,
    100,
    101,
    102,
    103,
    104,
    105,
    106,
    107,
    108,
    109,
    110,
    111,
    112,
    113,
    114,
    115,
    116,
    117,
    118,
    119,
    120,
    121,
    122,
    123,
    124,
    125,
    126,
    127,
    128,
    129,
    130,
    131,
    132,
    133,
    134,
    135,
    136,
    137,
    138,
    139,
    140,
    141,
    142,
    143,
    144,
    145,
    146,
    147,
    148,
    149,
    150,
    151,
    152,
    153,
    154,
    155,
    156,
    157,
    158,
    159,
    160,
    161,
    162,
    163,
    164,
    165,
    166,
    167,
    168,
    169,
    170,
    171,
    172,
    173,
    174,
    175,
    176,
    177,
    178,
    179,
    180,
    181,
    182,
    183,
    184,
    185,
    186,
    187,
    188,
    189,
    190,
    191,
    192,
    193,
    194,
    195,
    196,
    197,
    198,
    199,
    200,
    201,
    202,
    203,
    204,
    205,
    206,
    207
  ],
  "calibration_run_indices": [
    0,
    1,
    2,
    3,
    4,
    5,
    6,
    7,
    8,
    9,
    10,
    11,
    12,
    13,
    14,
    15,
    16,
    17,
    18,
    19,
    20,
    21,
    22,
    23,
    24,
    25,
    26,
    27,
    28,
    29,
    30,
    31,
    32,
    33,
    34,
    35,
    36,
    37,
    38,
    39,
    40,
    41,
    42,
    43,
    44,
    45,
    46,
    47,
    48,
    49,
    50,
    51
  ],
  "compile_requested": false,
  "compile_used": false,
  "compile_fallback_reason": "",
  "amp_enabled": true,
  "low_rul_loss_weight_requested": 1.0,
  "low_rul_loss_weight_used": 1.0,
  "low_rul_threshold": 30.0,
  "low_rul_weight_power": 1.0,
  "low_rul_weight_datasets": [],
  "pvalue_safety_margin": 0.02,
  "calibration_bins": 8,
  "calibration_min_bin_size": 128,
  "history": [
    {
      "epoch": 1,
      "train_loss": 21.56556338935063,
      "val_rmse": 23.599457419956227,
      "lr": 0.0029265847744427307
    },
    {
      "epoch": 2,
      "train_loss": 13.936756025511643,
      "val_rmse": 23.41245464176128,
      "lr": 0.0027135254915624215
    },
    {
      "epoch": 3,
      "train_loss": 12.433679718806825,
      "val_rmse": 22.812551096755985,
      "lr": 0.0023816778784387102
    },
    {
      "epoch": 4,
      "train_loss": 11.006317201153985,
      "val_rmse": 24.835505445786083,
      "lr": 0.0019635254915624217
    },
    {
      "epoch": 5,
      "train_loss": 9.380224019083483,
      "val_rmse": 24.398243604367273,
      "lr": 0.0015000000000000005
    },
    {
      "epoch": 6,
      "train_loss": 8.149945773749517,
      "val_rmse": 24.243332346937542,
      "lr": 0.0010364745084375793
    },
    {
      "epoch": 7,
      "train_loss": 7.191755725597513,
      "val_rmse": 24.762476510396294,
      "lr": 0.0006183221215612907
    },
    {
      "epoch": 8,
      "train_loss": 6.540612252005215,
      "val_rmse": 24.538130331535456,
      "lr": 0.0002864745084375791
    },
    {
      "epoch": 9,
      "train_loss": 6.059338012234918,
      "val_rmse": 24.632695663432223,
      "lr": 7.341522555726972e-05
    },
    {
      "epoch": 10,
      "train_loss": 5.876030870963787,
      "val_rmse": 24.6808358323299,
      "lr": 0.0
    }
  ]
}