{
  "device": "cuda",
  "epochs": 15,
  "best_val_rmse": 23.099891458171786,
  "final_val_rmse": 23.099891458171786,
  "test_last_rmse": 22.63061215831847,
  "test_last_mae": 17.496789932250977,
  "training_seconds": 18.899341300013475,
  "num_train_samples": 29582,
  "num_val_samples": 9148,
  "num_test_samples": 259,
  "calibration_size": 7489,
  "calibration_bundle_path": "C:\\Users\\micha\\zGTFinal\\outputs\\publication_phd_final\\seed_repro\\seed_0042\\fd002\\calibration_bundle_fd002.npz",
  "calibration_source": "dev_holdout",
  "calibration_fraction": 0.2,
  "calibration_rul_floor": 1.0,
  "leakage_check_passed": true,
  "num_train_runs": 166,
  "num_calibration_runs": 42,
  "train_run_indices": [
    0,
    1,
    2,
    3,
    4,
    5,
    6,
    8,
    10,
    11,
    12,
    13,
    14,
    15,
    16,
    17,
    18,
    19,
    21,
    22,
    23,
    27,
    28,
    29,
    30,
    31,
    32,
    33,
    34,
    35,
    36,
    39,
    40,
    41,
    42,
    43,
    44,
    45,
    47,
    48,
    49,
    52,
    53,
    55,
    56,
    57,
    58,
    59,
    60,
    61,
    62,
    63,
    64,
    65,
    66,
    67,
    68,
    69,
    71,
    72,
    73,
    74,
    75,
    76,
    77,
    78,
    81,
    83,
    84,
    85,
    86,
    87,
    88,
    89,
    90,
    91,
    92,
    93,
    95,
    96,
    97,
    99,
    100,
    101,
    102,
    103,
    105,
    106,
    109,
    110,
    111,
    112,
    113,
    115,
    116,
    117,
    119,
    121,
    122,
    123,
    124,
    125,
    127,
    128,
    129,
    131,
    132,
    133,
    134,
    135,
    136,
    137,
    138,
    139,
    140,
    141,
    142,
    143,
    144,
    145,
    146,
    148,
    149,
    152,
    154,
    156,
    157,
    158,
    159,
    160,
    161,
    163,
    164,
    165,
    166,
    167,
    170,
    171,
    173,
    174,
    175,
    176,
    177,
    178,
    179,
    180,
    181,
    182,
    183,
    184,
    186,
    187,
    188,
    189,
    190,
    191,
    192,
    193,
    194,
    198,
    199,
    200,
    202,
    205,
    206,
    207
  ],
  "calibration_run_indices": [
    7,
    9,
    20,
    24,
    25,
    26,
    37,
    38,
    46,
    50,
    51,
    54,
    70,
    79,
    80,
    82,
    94,
    98,
    104,
    107,
    108,
    114,
    118,
    120,
    126,
    130,
    147,
    150,
    151,
    153,
    155,
    162,
    168,
    169,
    172,
    185,
    195,
    196,
    197,
    201,
    203,
    204
  ],
  "history": [
    {
      "epoch": 1,
      "train_loss": 73.30126190185547,
      "val_rmse": 83.15490349650929,
      "lr": 0.0029672214011007086
    },
    {
      "epoch": 2,
      "train_loss": 48.62014643351237,
      "val_rmse": 36.09360979095307,
      "lr": 0.0028703181864639014
    },
    {
      "epoch": 3,
      "train_loss": 19.77420082092285,
      "val_rmse": 37.428872933570865,
      "lr": 0.0027135254915624215
    },
    {
      "epoch": 4,
      "train_loss": 15.976444435119628,
      "val_rmse": 25.494273727001783,
      "lr": 0.002503695909538288
    },
    {
      "epoch": 5,
      "train_loss": 14.834636370340982,
      "val_rmse": 23.099891458171786,
      "lr": 0.0022500000000000003
    },
    {
      "epoch": 6,
      "train_loss": 14.10129680633545,
      "val_rmse": 24.399665745889838,
      "lr": 0.0019635254915624217
    },
    {
      "epoch": 7,
      "train_loss": 13.31924254099528,
      "val_rmse": 27.874951102994167,
      "lr": 0.0016567926949014808
    },
    {
      "epoch": 8,
      "train_loss": 12.719144821166992,
      "val_rmse": 23.96666341247366,
      "lr": 0.0013432073050985206
    },
    {
      "epoch": 9,
      "train_loss": 12.486939175923665,
      "val_rmse": 24.484758782376765,
      "lr": 0.0010364745084375795
    },
    {
      "epoch": 10,
      "train_loss": 12.0248841603597,
      "val_rmse": 23.940228722132893,
      "lr": 0.0007500000000000007
    },
    {
      "epoch": 11,
      "train_loss": 11.56840051015218,
      "val_rmse": 23.266032263137358,
      "lr": 0.0004963040904617134
    },
    {
      "epoch": 12,
      "train_loss": 11.328667132059733,
      "val_rmse": 23.255376383632775,
      "lr": 0.0002864745084375791
    },
    {
      "epoch": 13,
      "train_loss": 11.090212186177572,
      "val_rmse": 23.335201649296632,
      "lr": 0.00012968181353609857
    },
    {
      "epoch": 14,
      "train_loss": 10.9029265721639,
      "val_rmse": 23.759430301620085,
      "lr": 3.277859889929148e-05
    },
    {
      "epoch": 15,
      "train_loss": 10.830524508158366,
      "val_rmse": 23.67977659938279,
      "lr": 0.0
    }
  ]
}