{
  "fd": 4,
  "checkpoint": "C:\\Users\\micha\\zGTFinal\\outputs\\final_local_fd004\\model_fd004.pt",
  "calibration_file": "C:\\Users\\micha\\zGTFinal\\outputs\\final_local_fd004\\calibration_bundle_fd004.npz",
  "checkpoint_leakage_flag": true,
  "calibration_size": 10727,
  "pred_source": "cache:outputs\\phd_ultra\\fd004\\ablation\\m0p0_b12_mbs128\\audit_cache_fd004.npz",
  "tem_fleet_source": "tem_metrics:outputs\\phd_ultra\\fd004\\ablation\\m0p0_b12_mbs128\\tem_metrics_fd004.json",
  "num_runs": 248,
  "num_points": 34092,
  "use_conditional_calibration": true,
  "cap_implied_rul": true,
  "compute_tau_diagnostics": true,
  "predict_batch_size": 8192,
  "pvalue_safety_margin": 0.0,
  "pvalue_all": {
    "n": 34092,
    "mean_p": 0.4978792744230626,
    "frac_le_0.1": 0.08946380382494427,
    "frac_le_0.2": 0.1900739176346357,
    "frac_le_0.5": 0.4962747858735187,
    "superuniform_margin_0.1": 0.010536196175055731,
    "superuniform_margin_0.2": 0.009926082365364325,
    "superuniform_margin_0.5": 0.003725214126481302
  },
  "pvalue_healthy_prefix": {
    "n": 26513,
    "mean_p": 0.5144786164682391,
    "frac_le_0.1": 0.08030023007581187,
    "frac_le_0.2": 0.16248632746199979,
    "frac_le_0.5": 0.4675065062422208,
    "superuniform_margin_0.1": 0.019699769924188135,
    "superuniform_margin_0.2": 0.037513672538000226,
    "superuniform_margin_0.5": 0.03249349375777921
  },
  "tem_fleet": {
    "num_engines": 248,
    "num_tau_diagnostics_engines": 181,
    "num_alerted": 4,
    "alert_rate": 0.016129032258064516,
    "mean_first_alert_step": 224.25,
    "mean_temporal_rul_coverage": 0.9494117400305012,
    "mean_temporal_tau_coverage": 0.9343416034543729,
    "tau_anytime_violation_rate": 0.19337016574585636
  },
  "notes": {
    "superuniform_reference": {
      "frac_le_0.1_should_be_<=~": 0.1,
      "frac_le_0.2_should_be_<=~": 0.2,
      "frac_le_0.5_should_be_<=~": 0.5
    }
  }
}