{
  "fd": 3,
  "checkpoint": "C:\\Users\\micha\\zGTFinal\\outputs\\final_local_fd003\\model_fd003.pt",
  "calibration_file": "C:\\Users\\micha\\zGTFinal\\outputs\\final_local_fd003\\calibration_bundle_fd003.npz",
  "checkpoint_leakage_flag": true,
  "calibration_size": 4361,
  "pred_source": "cache:outputs\\phd_ultra\\fd003\\ablation\\m0p05_b8_mbs512\\audit_cache_fd003.npz",
  "tem_fleet_source": "tem_metrics:outputs\\phd_ultra\\fd003\\ablation\\m0p05_b8_mbs512\\tem_metrics_fd003.json",
  "num_runs": 100,
  "num_points": 13696,
  "use_conditional_calibration": true,
  "cap_implied_rul": true,
  "compute_tau_diagnostics": true,
  "predict_batch_size": 8192,
  "pvalue_safety_margin": 0.05,
  "pvalue_all": {
    "n": 13696,
    "mean_p": 0.6077105570881007,
    "frac_le_0.1": 0.043443341121495324,
    "frac_le_0.2": 0.13843457943925233,
    "frac_le_0.5": 0.3920852803738318,
    "superuniform_margin_0.1": 0.05655665887850468,
    "superuniform_margin_0.2": 0.06156542056074768,
    "superuniform_margin_0.5": 0.10791471962616822
  },
  "pvalue_healthy_prefix": {
    "n": 10457,
    "mean_p": 0.6528843969537175,
    "frac_le_0.1": 0.013770679927321412,
    "frac_le_0.2": 0.1014631347422779,
    "frac_le_0.5": 0.3420675145835326,
    "superuniform_margin_0.1": 0.0862293200726786,
    "superuniform_margin_0.2": 0.09853686525772211,
    "superuniform_margin_0.5": 0.15793248541646743
  },
  "tem_fleet": {
    "num_engines": 100,
    "num_tau_diagnostics_engines": 85,
    "num_alerted": 1,
    "alert_rate": 0.01,
    "mean_first_alert_step": 260.0,
    "mean_temporal_rul_coverage": 0.9814938283000145,
    "mean_temporal_tau_coverage": 0.9802124415152547,
    "tau_anytime_violation_rate": 0.08235294117647059
  },
  "notes": {
    "superuniform_reference": {
      "frac_le_0.1_should_be_<=~": 0.1,
      "frac_le_0.2_should_be_<=~": 0.2,
      "frac_le_0.5_should_be_<=~": 0.5
    }
  }
}