{
  "fd": 2,
  "checkpoint": "C:\\Users\\micha\\zGTFinal\\outputs\\final_local_fd002\\model_fd002.pt",
  "calibration_file": "C:\\Users\\micha\\zGTFinal\\outputs\\final_local_fd002\\calibration_bundle_fd002.npz",
  "checkpoint_leakage_flag": true,
  "calibration_size": 9148,
  "pred_source": "cache:outputs\\phd_ultra\\fd002\\ablation\\m0p01_b12_mbs512\\audit_cache_fd002.npz",
  "tem_fleet_source": "tem_metrics:outputs\\phd_ultra\\fd002\\ablation\\m0p01_b12_mbs512\\tem_metrics_fd002.json",
  "num_runs": 259,
  "num_points": 26511,
  "use_conditional_calibration": true,
  "cap_implied_rul": true,
  "compute_tau_diagnostics": true,
  "predict_batch_size": 8192,
  "pvalue_safety_margin": 0.01,
  "pvalue_all": {
    "n": 26511,
    "mean_p": 0.5040806049323584,
    "frac_le_0.1": 0.09618648862736223,
    "frac_le_0.2": 0.20455659914752367,
    "frac_le_0.5": 0.5055637282637396,
    "superuniform_margin_0.1": 0.0038135113726377734,
    "superuniform_margin_0.2": -0.0045565991475236545,
    "superuniform_margin_0.5": -0.005563728263739631
  },
  "pvalue_healthy_prefix": {
    "n": 17850,
    "mean_p": 0.5111923260072093,
    "frac_le_0.1": 0.08487394957983194,
    "frac_le_0.2": 0.19254901960784312,
    "frac_le_0.5": 0.49316526610644257,
    "superuniform_margin_0.1": 0.015126050420168069,
    "superuniform_margin_0.2": 0.007450980392156886,
    "superuniform_margin_0.5": 0.006834733893557432
  },
  "tem_fleet": {
    "num_engines": 259,
    "num_tau_diagnostics_engines": 202,
    "num_alerted": 1,
    "alert_rate": 0.003861003861003861,
    "mean_first_alert_step": 140.0,
    "mean_temporal_rul_coverage": 0.9530306885332817,
    "mean_temporal_tau_coverage": 0.9397769719312868,
    "tau_anytime_violation_rate": 0.1782178217821782
  },
  "notes": {
    "superuniform_reference": {
      "frac_le_0.1_should_be_<=~": 0.1,
      "frac_le_0.2_should_be_<=~": 0.2,
      "frac_le_0.5_should_be_<=~": 0.5
    }
  }
}