{
  "fd": 1,
  "checkpoint": "outputs\\fd001_full_deepfix_smoke2\\model_fd001.pt",
  "calibration_file": "outputs\\fd001_full_deepfix_smoke2\\calibration_residuals_fd001.npy",
  "checkpoint_leakage_flag": true,
  "calibration_size": 1041,
  "pvalue_all": {
    "n": 10196,
    "mean_p": 0.6121765789753084,
    "frac_le_0.1": 0.04315417810906238,
    "frac_le_0.2": 0.10798352295017653,
    "frac_le_0.5": 0.4468418987838368,
    "superuniform_margin_0.1": 0.05684582189093763,
    "superuniform_margin_0.2": 0.09201647704982348,
    "superuniform_margin_0.5": 0.05315810121616321
  },
  "pvalue_healthy_prefix": {
    "n": 7069,
    "mean_p": 0.44084237929984915,
    "frac_le_0.1": 0.06224359881171311,
    "frac_le_0.2": 0.15575045975385485,
    "frac_le_0.5": 0.6445041731503749,
    "superuniform_margin_0.1": 0.037756401188286895,
    "superuniform_margin_0.2": 0.044249540246145164,
    "superuniform_margin_0.5": -0.1445041731503749
  },
  "tem_fleet": {
    "num_engines": 100,
    "num_alerted": 0,
    "alert_rate": 0.0,
    "mean_first_alert_step": -1.0,
    "mean_temporal_rul_coverage": 0.9104294374942786,
    "mean_temporal_tau_coverage": 0.9882025259526023,
    "tau_anytime_violation_rate": 0.03
  },
  "notes": {
    "superuniform_reference": {
      "frac_le_0.1_should_be_<=~": 0.1,
      "frac_le_0.2_should_be_<=~": 0.2,
      "frac_le_0.5_should_be_<=~": 0.5
    }
  }
}