{
  "fd": 2,
  "checkpoint": "outputs\\_default2_fd002\\model_fd002.pt",
  "calibration_file": "outputs\\_default2_fd002\\calibration_bundle_fd002.npz",
  "checkpoint_leakage_flag": true,
  "calibration_size": 9148,
  "pred_source": "cache:outputs\\_default2_fd002\\audit_cache_fd002.npz",
  "tem_fleet_source": "tem_metrics:outputs\\_default2_fd002\\tem_metrics_fd002.json",
  "num_runs": 259,
  "num_points": 26511,
  "use_conditional_calibration": true,
  "cap_implied_rul": true,
  "compute_tau_diagnostics": true,
  "predict_batch_size": 8192,
  "pvalue_safety_margin": 0.02,
  "pvalue_all": {
    "n": 26511,
    "mean_p": 0.5215948283029205,
    "frac_le_0.1": 0.0828712609860058,
    "frac_le_0.2": 0.20187846554260497,
    "frac_le_0.5": 0.48029119987929536,
    "superuniform_margin_0.1": 0.0171287390139942,
    "superuniform_margin_0.2": -0.0018784655426049568,
    "superuniform_margin_0.5": 0.01970880012070464
  },
  "pvalue_healthy_prefix": {
    "n": 17850,
    "mean_p": 0.5367415772871067,
    "frac_le_0.1": 0.07198879551820728,
    "frac_le_0.2": 0.17478991596638654,
    "frac_le_0.5": 0.4569187675070028,
    "superuniform_margin_0.1": 0.02801120448179273,
    "superuniform_margin_0.2": 0.025210084033613467,
    "superuniform_margin_0.5": 0.04308123249299722
  },
  "tem_fleet": {
    "num_engines": 259,
    "num_tau_diagnostics_engines": 202,
    "num_alerted": 0,
    "alert_rate": 0.0,
    "mean_first_alert_step": -1.0,
    "mean_temporal_rul_coverage": 0.9383912650343043,
    "mean_temporal_tau_coverage": 0.9210066219994297,
    "tau_anytime_violation_rate": 0.20297029702970298
  },
  "notes": {
    "superuniform_reference": {
      "frac_le_0.1_should_be_<=~": 0.1,
      "frac_le_0.2_should_be_<=~": 0.2,
      "frac_le_0.5_should_be_<=~": 0.5
    }
  }
}