{
  "device": "cuda",
  "epochs": 5,
  "best_val_rmse": 22.825505835783336,
  "final_val_rmse": 22.825505835783336,
  "test_last_rmse": 22.593328533186387,
  "test_last_mae": 17.3386287689209,
  "training_seconds": 13.277694299991708,
  "num_train_samples": 37071,
  "num_val_samples": 9148,
  "num_test_samples": 259,
  "calibration_size": 9148,
  "calibration_bundle_path": "outputs\\_default2_fd002\\calibration_bundle_fd002.npz",
  "calibration_source": "val",
  "calibration_fraction": 0.2,
  "calibration_rul_floor": 1.0,
  "leakage_check_passed": true,
  "num_train_runs": 208,
  "num_calibration_runs": 52,
  "train_run_indices": [
    0,
    1,
    2,
    3,
    4,
    5,
    6,
    7,
    8,
    9,
    10,
    11,
    12,
    13,
    14,
    15,
    16,
    17,
    18,
    19,
    20,
    21,
    22,
    23,
    24,
    25,
    26,
    27,
    28,
    29,
    30,
    31,
    32,
    33,
    34,
    35,
    36,
    37,
    38,
    39,
    40,
    41,
    42,
    43,
    44,
    45,
    46,
    47,
    48,
    49,
    50,
    51,
    52,
    53,
    54,
    55,
    56,
    57,
    58,
    59,
    60,
    61,
    62,
    63,
    64,
    65,
    66,
    67,
    68,
    69,
    70,
    71,
    72,
    73,
    74,
    75,
    76,
    77,
    78,
    79,
    80,
    81,
    82,
    83,
    84,
    85,
    86,
    87,
    88,
    89,
    90,
    91,
    92,
    93,
    94,
    95,
    96,
    97,
    98,
    99,
    100,
    101,
    102,
    103,
    104,
    105,
    106,
    107,
    108,
    109,
    110,
    111,
    112,
    113,
    114,
    115,
    116,
    117,
    118,
    119,
    120,
    121,
    122,
    123,
    124,
    125,
    126,
    127,
    128,
    129,
    130,
    131,
    132,
    133,
    134,
    135,
    136,
    137,
    138,
    139,
    140,
    141,
    142,
    143,
    144,
    145,
    146,
    147,
    148,
    149,
    150,
    151,
    152,
    153,
    154,
    155,
    156,
    157,
    158,
    159,
    160,
    161,
    162,
    163,
    164,
    165,
    166,
    167,
    168,
    169,
    170,
    171,
    172,
    173,
    174,
    175,
    176,
    177,
    178,
    179,
    180,
    181,
    182,
    183,
    184,
    185,
    186,
    187,
    188,
    189,
    190,
    191,
    192,
    193,
    194,
    195,
    196,
    197,
    198,
    199,
    200,
    201,
    202,
    203,
    204,
    205,
    206,
    207
  ],
  "calibration_run_indices": [
    0,
    1,
    2,
    3,
    4,
    5,
    6,
    7,
    8,
    9,
    10,
    11,
    12,
    13,
    14,
    15,
    16,
    17,
    18,
    19,
    20,
    21,
    22,
    23,
    24,
    25,
    26,
    27,
    28,
    29,
    30,
    31,
    32,
    33,
    34,
    35,
    36,
    37,
    38,
    39,
    40,
    41,
    42,
    43,
    44,
    45,
    46,
    47,
    48,
    49,
    50,
    51
  ],
  "history": [
    {
      "epoch": 1,
      "train_loss": 70.58867404335423,
      "val_rmse": 73.6119536499162,
      "lr": 0.002713525491562421
    },
    {
      "epoch": 2,
      "train_loss": 35.72878134878058,
      "val_rmse": 25.74689379658671,
      "lr": 0.001963525491562421
    },
    {
      "epoch": 3,
      "train_loss": 16.494861452203047,
      "val_rmse": 31.85598588812221,
      "lr": 0.0010364745084375786
    },
    {
      "epoch": 4,
      "train_loss": 15.008024918405633,
      "val_rmse": 24.267484070143436,
      "lr": 0.00028647450843757887
    },
    {
      "epoch": 5,
      "train_loss": 14.286477691248843,
      "val_rmse": 22.825505835783336,
      "lr": 0.0
    }
  ]
}