{
  "fd": 1,
  "checkpoint": "outputs\\fd001_finalclean\\model_fd001.pt",
  "calibration_file": "outputs\\fd001_finalclean\\calibration_residuals_fd001.npy",
  "checkpoint_leakage_flag": true,
  "calibration_size": 1041,
  "pvalue_all": {
    "n": 10196,
    "mean_p": 0.4516654945035086,
    "frac_le_0.1": 0.18458218909376226,
    "frac_le_0.2": 0.27569635151039623,
    "frac_le_0.5": 0.548842683405257,
    "superuniform_margin_0.1": -0.08458218909376225,
    "superuniform_margin_0.2": -0.07569635151039622,
    "superuniform_margin_0.5": -0.04884268340525699
  },
  "pvalue_healthy_prefix": {
    "n": 7069,
    "mean_p": 0.5194720317875703,
    "frac_le_0.1": 0.10906776064507002,
    "frac_le_0.2": 0.18376007921912577,
    "frac_le_0.5": 0.4593294666855284,
    "superuniform_margin_0.1": -0.00906776064507002,
    "superuniform_margin_0.2": 0.016239920780874245,
    "superuniform_margin_0.5": 0.040670533314471624
  },
  "tem_fleet": {
    "num_engines": 100,
    "num_alerted": 3,
    "alert_rate": 0.03,
    "mean_first_alert_step": 105.33333333333333,
    "mean_temporal_rul_coverage": 0.9192074168456128,
    "mean_temporal_tau_coverage": 0.587764846211915,
    "tau_anytime_violation_rate": 0.84
  },
  "notes": {
    "superuniform_reference": {
      "frac_le_0.1_should_be_<=~": 0.1,
      "frac_le_0.2_should_be_<=~": 0.2,
      "frac_le_0.5_should_be_<=~": 0.5
    }
  }
}