{
  "device": "cuda",
  "epochs": 15,
  "best_val_rmse": 21.95284232820296,
  "final_val_rmse": 21.95284232820296,
  "test_last_rmse": 24.29748971709669,
  "test_last_mae": 18.666488647460938,
  "training_seconds": 22.547009099973366,
  "num_train_samples": 43301,
  "num_val_samples": 10727,
  "num_test_samples": 248,
  "calibration_size": 10727,
  "calibration_bundle_path": "C:\\Users\\micha\\zGTFinal\\outputs\\full_fair_matrix\\strict_main\\fd004\\calibration_bundle_fd004.npz",
  "calibration_source": "val",
  "calibration_fraction": 0.2,
  "calibration_rul_floor": 1.0,
  "leakage_check_passed": true,
  "num_train_runs": 199,
  "num_calibration_runs": 50,
  "train_run_indices": [
    0,
    1,
    2,
    3,
    4,
    5,
    6,
    7,
    8,
    9,
    10,
    11,
    12,
    13,
    14,
    15,
    16,
    17,
    18,
    19,
    20,
    21,
    22,
    23,
    24,
    25,
    26,
    27,
    28,
    29,
    30,
    31,
    32,
    33,
    34,
    35,
    36,
    37,
    38,
    39,
    40,
    41,
    42,
    43,
    44,
    45,
    46,
    47,
    48,
    49,
    50,
    51,
    52,
    53,
    54,
    55,
    56,
    57,
    58,
    59,
    60,
    61,
    62,
    63,
    64,
    65,
    66,
    67,
    68,
    69,
    70,
    71,
    72,
    73,
    74,
    75,
    76,
    77,
    78,
    79,
    80,
    81,
    82,
    83,
    84,
    85,
    86,
    87,
    88,
    89,
    90,
    91,
    92,
    93,
    94,
    95,
    96,
    97,
    98,
    99,
    100,
    101,
    102,
    103,
    104,
    105,
    106,
    107,
    108,
    109,
    110,
    111,
    112,
    113,
    114,
    115,
    116,
    117,
    118,
    119,
    120,
    121,
    122,
    123,
    124,
    125,
    126,
    127,
    128,
    129,
    130,
    131,
    132,
    133,
    134,
    135,
    136,
    137,
    138,
    139,
    140,
    141,
    142,
    143,
    144,
    145,
    146,
    147,
    148,
    149,
    150,
    151,
    152,
    153,
    154,
    155,
    156,
    157,
    158,
    159,
    160,
    161,
    162,
    163,
    164,
    165,
    166,
    167,
    168,
    169,
    170,
    171,
    172,
    173,
    174,
    175,
    176,
    177,
    178,
    179,
    180,
    181,
    182,
    183,
    184,
    185,
    186,
    187,
    188,
    189,
    190,
    191,
    192,
    193,
    194,
    195,
    196,
    197,
    198
  ],
  "calibration_run_indices": [
    0,
    1,
    2,
    3,
    4,
    5,
    6,
    7,
    8,
    9,
    10,
    11,
    12,
    13,
    14,
    15,
    16,
    17,
    18,
    19,
    20,
    21,
    22,
    23,
    24,
    25,
    26,
    27,
    28,
    29,
    30,
    31,
    32,
    33,
    34,
    35,
    36,
    37,
    38,
    39,
    40,
    41,
    42,
    43,
    44,
    45,
    46,
    47,
    48,
    49
  ],
  "history": [
    {
      "epoch": 1,
      "train_loss": 76.26874646273527,
      "val_rmse": 71.12275402836876,
      "lr": 0.0029672214011007086
    },
    {
      "epoch": 2,
      "train_loss": 32.85986752943559,
      "val_rmse": 63.11855467050464,
      "lr": 0.0028703181864639014
    },
    {
      "epoch": 3,
      "train_loss": 17.650886275551535,
      "val_rmse": 27.70734333545313,
      "lr": 0.0027135254915624215
    },
    {
      "epoch": 4,
      "train_loss": 14.887175516648727,
      "val_rmse": 24.53444773315652,
      "lr": 0.002503695909538288
    },
    {
      "epoch": 5,
      "train_loss": 13.53647570176558,
      "val_rmse": 22.343121782970922,
      "lr": 0.0022500000000000003
    },
    {
      "epoch": 6,
      "train_loss": 12.798850189555775,
      "val_rmse": 22.772209329771368,
      "lr": 0.0019635254915624217
    },
    {
      "epoch": 7,
      "train_loss": 12.32744112881747,
      "val_rmse": 24.822786069648426,
      "lr": 0.0016567926949014808
    },
    {
      "epoch": 8,
      "train_loss": 11.960987264459783,
      "val_rmse": 23.88495911706497,
      "lr": 0.0013432073050985206
    },
    {
      "epoch": 9,
      "train_loss": 11.438245643268932,
      "val_rmse": 22.119476424599338,
      "lr": 0.0010364745084375795
    },
    {
      "epoch": 10,
      "train_loss": 11.075485662980514,
      "val_rmse": 21.95284232820296,
      "lr": 0.0007500000000000007
    },
    {
      "epoch": 11,
      "train_loss": 10.858918970281428,
      "val_rmse": 22.586506674265074,
      "lr": 0.0004963040904617134
    },
    {
      "epoch": 12,
      "train_loss": 10.516636631705545,
      "val_rmse": 22.17527763929438,
      "lr": 0.0002864745084375791
    },
    {
      "epoch": 13,
      "train_loss": 10.307503786954014,
      "val_rmse": 22.522645024445406,
      "lr": 0.00012968181353609857
    },
    {
      "epoch": 14,
      "train_loss": 10.197173291986639,
      "val_rmse": 22.187724923264195,
      "lr": 3.277859889929148e-05
    },
    {
      "epoch": 15,
      "train_loss": 10.095639358867299,
      "val_rmse": 22.365776960530482,
      "lr": 0.0
    }
  ]
}