{
  "fd": 1,
  "checkpoint": "outputs\\fd001_phd_validity\\model_fd001.pt",
  "calibration_file": "outputs\\fd001_phd_validity\\calibration_bundle_fd001.npz",
  "checkpoint_leakage_flag": true,
  "calibration_size": 2625,
  "use_conditional_calibration": true,
  "cap_implied_rul": true,
  "compute_tau_diagnostics": true,
  "pvalue_all": {
    "n": 10196,
    "mean_p": 0.48032680587875753,
    "frac_le_0.1": 0.13436641820321696,
    "frac_le_0.2": 0.23038446449588074,
    "frac_le_0.5": 0.5339348764221263,
    "superuniform_margin_0.1": -0.03436641820321695,
    "superuniform_margin_0.2": -0.030384464495880725,
    "superuniform_margin_0.5": -0.03393487642212634
  },
  "pvalue_healthy_prefix": {
    "n": 7069,
    "mean_p": 0.5037974008353677,
    "frac_le_0.1": 0.10524826708162399,
    "frac_le_0.2": 0.2007356061677748,
    "frac_le_0.5": 0.5048804639977366,
    "superuniform_margin_0.1": -0.005248267081623986,
    "superuniform_margin_0.2": -0.0007356061677747938,
    "superuniform_margin_0.5": -0.004880463997736562
  },
  "tem_fleet": {
    "num_engines": 100,
    "num_alerted": 7,
    "alert_rate": 0.07,
    "mean_first_alert_step": 123.85714285714286,
    "mean_temporal_rul_coverage": 0.9138483180287974,
    "mean_temporal_tau_coverage": 0.657725751980993,
    "tau_anytime_violation_rate": 0.84
  },
  "notes": {
    "superuniform_reference": {
      "frac_le_0.1_should_be_<=~": 0.1,
      "frac_le_0.2_should_be_<=~": 0.2,
      "frac_le_0.5_should_be_<=~": 0.5
    }
  }
}