{
  "fd": 3,
  "checkpoint": "C:\\Users\\micha\\zGTFinal\\outputs\\final_local_fd003\\model_fd003.pt",
  "calibration_file": "C:\\Users\\micha\\zGTFinal\\outputs\\final_local_fd003\\calibration_bundle_fd003.npz",
  "checkpoint_leakage_flag": true,
  "calibration_size": 4361,
  "pred_source": "cache:outputs\\phd_ultra\\fd003\\ablation\\m0p02_b12_mbs128\\audit_cache_fd003.npz",
  "tem_fleet_source": "tem_metrics:outputs\\phd_ultra\\fd003\\ablation\\m0p02_b12_mbs128\\tem_metrics_fd003.json",
  "num_runs": 100,
  "num_points": 13696,
  "use_conditional_calibration": true,
  "cap_implied_rul": true,
  "compute_tau_diagnostics": true,
  "predict_batch_size": 8192,
  "pvalue_safety_margin": 0.02,
  "pvalue_all": {
    "n": 13696,
    "mean_p": 0.5823842944925963,
    "frac_le_0.1": 0.06505549065420561,
    "frac_le_0.2": 0.16238317757009346,
    "frac_le_0.5": 0.41187207943925236,
    "superuniform_margin_0.1": 0.03494450934579439,
    "superuniform_margin_0.2": 0.03761682242990655,
    "superuniform_margin_0.5": 0.08812792056074764
  },
  "pvalue_healthy_prefix": {
    "n": 10457,
    "mean_p": 0.6263948894433023,
    "frac_le_0.1": 0.032131586497083295,
    "frac_le_0.2": 0.1256574543368079,
    "frac_le_0.5": 0.36224538586592714,
    "superuniform_margin_0.1": 0.06786841350291671,
    "superuniform_margin_0.2": 0.07434254566319212,
    "superuniform_margin_0.5": 0.13775461413407286
  },
  "tem_fleet": {
    "num_engines": 100,
    "num_tau_diagnostics_engines": 85,
    "num_alerted": 1,
    "alert_rate": 0.01,
    "mean_first_alert_step": 261.0,
    "mean_temporal_rul_coverage": 0.9669819547495487,
    "mean_temporal_tau_coverage": 0.9639901097691361,
    "tau_anytime_violation_rate": 0.1411764705882353
  },
  "notes": {
    "superuniform_reference": {
      "frac_le_0.1_should_be_<=~": 0.1,
      "frac_le_0.2_should_be_<=~": 0.2,
      "frac_le_0.5_should_be_<=~": 0.5
    }
  }
}