{
  "fd": 1,
  "checkpoint": "C:\\Users\\micha\\zGTFinal\\outputs\\final_local_fd001\\model_fd001.pt",
  "calibration_file": "C:\\Users\\micha\\zGTFinal\\outputs\\final_local_fd001\\calibration_bundle_fd001.npz",
  "checkpoint_leakage_flag": true,
  "calibration_size": 3913,
  "pred_source": "cache:outputs\\phd_ultra\\fd001\\ablation\\m0p02_b8_mbs512\\audit_cache_fd001.npz",
  "tem_fleet_source": "tem_metrics:outputs\\phd_ultra\\fd001\\ablation\\m0p02_b8_mbs512\\tem_metrics_fd001.json",
  "num_runs": 100,
  "num_points": 10196,
  "use_conditional_calibration": true,
  "cap_implied_rul": true,
  "compute_tau_diagnostics": true,
  "predict_batch_size": 8192,
  "pvalue_safety_margin": 0.02,
  "pvalue_all": {
    "n": 10196,
    "mean_p": 0.5725851815724582,
    "frac_le_0.1": 0.06159278148293448,
    "frac_le_0.2": 0.12720674774421342,
    "frac_le_0.5": 0.4056492742251864,
    "superuniform_margin_0.1": 0.03840721851706552,
    "superuniform_margin_0.2": 0.07279325225578659,
    "superuniform_margin_0.5": 0.09435072577481363
  },
  "pvalue_healthy_prefix": {
    "n": 7069,
    "mean_p": 0.5721365625366889,
    "frac_le_0.1": 0.06931673504031688,
    "frac_le_0.2": 0.13566275286462018,
    "frac_le_0.5": 0.40628094497100015,
    "superuniform_margin_0.1": 0.030683264959683126,
    "superuniform_margin_0.2": 0.06433724713537983,
    "superuniform_margin_0.5": 0.09371905502899985
  },
  "tem_fleet": {
    "num_engines": 100,
    "num_tau_diagnostics_engines": 89,
    "num_alerted": 1,
    "alert_rate": 0.01,
    "mean_first_alert_step": 124.0,
    "mean_temporal_rul_coverage": 0.9752891277429739,
    "mean_temporal_tau_coverage": 0.9748358905143694,
    "tau_anytime_violation_rate": 0.07865168539325842
  },
  "notes": {
    "superuniform_reference": {
      "frac_le_0.1_should_be_<=~": 0.1,
      "frac_le_0.2_should_be_<=~": 0.2,
      "frac_le_0.5_should_be_<=~": 0.5
    }
  }
}