{
  "fd": 2,
  "checkpoint": "outputs/_pub_fd002_valcal_e20/model_fd002.pt",
  "calibration_file": "outputs/_pub_fd002_valcal_e20/calibration_bundle_fd002.npz",
  "checkpoint_leakage_flag": true,
  "calibration_size": 9148,
  "pred_source": "cache:outputs\\_pub_fd002_valcal_e20_m02\\audit_cache_fd002.npz",
  "tem_fleet_source": "tem_metrics:outputs\\_pub_fd002_valcal_e20_m02\\tem_metrics_fd002.json",
  "num_runs": 259,
  "num_points": 26511,
  "use_conditional_calibration": true,
  "cap_implied_rul": true,
  "compute_tau_diagnostics": true,
  "predict_batch_size": 8192,
  "pvalue_safety_margin": 0.02,
  "pvalue_all": {
    "n": 26511,
    "mean_p": 0.5264676454711474,
    "frac_le_0.1": 0.07525178227905398,
    "frac_le_0.2": 0.19350458300328166,
    "frac_le_0.5": 0.48545886613103995,
    "superuniform_margin_0.1": 0.024748217720946028,
    "superuniform_margin_0.2": 0.006495416996718351,
    "superuniform_margin_0.5": 0.014541133868960054
  },
  "pvalue_healthy_prefix": {
    "n": 17850,
    "mean_p": 0.5405563240227097,
    "frac_le_0.1": 0.06633053221288515,
    "frac_le_0.2": 0.1731652661064426,
    "frac_le_0.5": 0.4664425770308123,
    "superuniform_margin_0.1": 0.033669467787114854,
    "superuniform_margin_0.2": 0.026834733893557422,
    "superuniform_margin_0.5": 0.03355742296918768
  },
  "tem_fleet": {
    "num_engines": 259,
    "num_tau_diagnostics_engines": 202,
    "num_alerted": 1,
    "alert_rate": 0.003861003861003861,
    "mean_first_alert_step": 137.0,
    "mean_temporal_rul_coverage": 0.9433290126848745,
    "mean_temporal_tau_coverage": 0.9273376944820915,
    "tau_anytime_violation_rate": 0.18316831683168316
  },
  "notes": {
    "superuniform_reference": {
      "frac_le_0.1_should_be_<=~": 0.1,
      "frac_le_0.2_should_be_<=~": 0.2,
      "frac_le_0.5_should_be_<=~": 0.5
    }
  }
}