{
  "fd": 2,
  "checkpoint": "C:\\Users\\micha\\zGTFinal\\outputs\\final_local_fd002\\model_fd002.pt",
  "calibration_file": "C:\\Users\\micha\\zGTFinal\\outputs\\final_local_fd002\\calibration_bundle_fd002.npz",
  "checkpoint_leakage_flag": true,
  "calibration_size": 9148,
  "pred_source": "cache:outputs\\phd_ultra\\fd002\\ablation\\m0p05_b8_mbs128\\audit_cache_fd002.npz",
  "tem_fleet_source": "tem_metrics:outputs\\phd_ultra\\fd002\\ablation\\m0p05_b8_mbs128\\tem_metrics_fd002.json",
  "num_runs": 259,
  "num_points": 26511,
  "use_conditional_calibration": true,
  "cap_implied_rul": true,
  "compute_tau_diagnostics": true,
  "predict_batch_size": 8192,
  "pvalue_safety_margin": 0.05,
  "pvalue_all": {
    "n": 26511,
    "mean_p": 0.5433317444465253,
    "frac_le_0.1": 0.04858360680472257,
    "frac_le_0.2": 0.1598204518878956,
    "frac_le_0.5": 0.4716155558070235,
    "superuniform_margin_0.1": 0.05141639319527744,
    "superuniform_margin_0.2": 0.04017954811210442,
    "superuniform_margin_0.5": 0.028384444192976477
  },
  "pvalue_healthy_prefix": {
    "n": 17850,
    "mean_p": 0.5550654254582118,
    "frac_le_0.1": 0.04532212885154062,
    "frac_le_0.2": 0.14397759103641455,
    "frac_le_0.5": 0.45366946778711487,
    "superuniform_margin_0.1": 0.05467787114845939,
    "superuniform_margin_0.2": 0.05602240896358546,
    "superuniform_margin_0.5": 0.046330532212885134
  },
  "tem_fleet": {
    "num_engines": 259,
    "num_tau_diagnostics_engines": 202,
    "num_alerted": 0,
    "alert_rate": 0.0,
    "mean_first_alert_step": -1.0,
    "mean_temporal_rul_coverage": 0.963724920267744,
    "mean_temporal_tau_coverage": 0.9534888829175531,
    "tau_anytime_violation_rate": 0.13366336633663367
  },
  "notes": {
    "superuniform_reference": {
      "frac_le_0.1_should_be_<=~": 0.1,
      "frac_le_0.2_should_be_<=~": 0.2,
      "frac_le_0.5_should_be_<=~": 0.5
    }
  }
}