{
  "fd": 3,
  "checkpoint": "C:\\Users\\micha\\zGTFinal\\outputs\\final_local_fd003\\model_fd003.pt",
  "calibration_file": "C:\\Users\\micha\\zGTFinal\\outputs\\final_local_fd003\\calibration_bundle_fd003.npz",
  "checkpoint_leakage_flag": true,
  "calibration_size": 4361,
  "pred_source": "cache:outputs\\phd_ultra\\fd003\\ablation\\m0p02_b12_mbs512\\audit_cache_fd003.npz",
  "tem_fleet_source": "tem_metrics:outputs\\phd_ultra\\fd003\\ablation\\m0p02_b12_mbs512\\tem_metrics_fd003.json",
  "num_runs": 100,
  "num_points": 13696,
  "use_conditional_calibration": true,
  "cap_implied_rul": true,
  "compute_tau_diagnostics": true,
  "predict_batch_size": 8192,
  "pvalue_safety_margin": 0.02,
  "pvalue_all": {
    "n": 13696,
    "mean_p": 0.5526150403304099,
    "frac_le_0.1": 0.07885514018691589,
    "frac_le_0.2": 0.19297605140186916,
    "frac_le_0.5": 0.46626752336448596,
    "superuniform_margin_0.1": 0.021144859813084116,
    "superuniform_margin_0.2": 0.0070239485981308525,
    "superuniform_margin_0.5": 0.03373247663551404
  },
  "pvalue_healthy_prefix": {
    "n": 10457,
    "mean_p": 0.6190235055290381,
    "frac_le_0.1": 0.03480921870517357,
    "frac_le_0.2": 0.1308214593095534,
    "frac_le_0.5": 0.37697236301042364,
    "superuniform_margin_0.1": 0.06519078129482644,
    "superuniform_margin_0.2": 0.0691785406904466,
    "superuniform_margin_0.5": 0.12302763698957636
  },
  "tem_fleet": {
    "num_engines": 100,
    "num_tau_diagnostics_engines": 85,
    "num_alerted": 2,
    "alert_rate": 0.02,
    "mean_first_alert_step": 176.0,
    "mean_temporal_rul_coverage": 0.9593543950841823,
    "mean_temporal_tau_coverage": 0.9550165101628226,
    "tau_anytime_violation_rate": 0.16470588235294117
  },
  "notes": {
    "superuniform_reference": {
      "frac_le_0.1_should_be_<=~": 0.1,
      "frac_le_0.2_should_be_<=~": 0.2,
      "frac_le_0.5_should_be_<=~": 0.5
    }
  }
}