{
  "fd": 2,
  "checkpoint": "outputs/fd002_phd_main/model_fd002.pt",
  "calibration_file": "outputs/fd002_phd_main/calibration_bundle_fd002.npz",
  "checkpoint_leakage_flag": true,
  "calibration_size": 3331,
  "use_conditional_calibration": true,
  "cap_implied_rul": true,
  "compute_tau_diagnostics": true,
  "pvalue_all": {
    "n": 26511,
    "mean_p": 0.4771579132092282,
    "frac_le_0.1": 0.09445135981290785,
    "frac_le_0.2": 0.22749047565161631,
    "frac_le_0.5": 0.5409075478103429,
    "superuniform_margin_0.1": 0.005548640187092155,
    "superuniform_margin_0.2": -0.027490475651616303,
    "superuniform_margin_0.5": -0.04090754781034289
  },
  "pvalue_healthy_prefix": {
    "n": 17850,
    "mean_p": 0.5109679419757216,
    "frac_le_0.1": 0.06974789915966387,
    "frac_le_0.2": 0.18593837535014004,
    "frac_le_0.5": 0.4994957983193277,
    "superuniform_margin_0.1": 0.030252100840336138,
    "superuniform_margin_0.2": 0.014061624649859966,
    "superuniform_margin_0.5": 0.0005042016806722782
  },
  "tem_fleet": {
    "num_engines": 259,
    "num_tau_diagnostics_engines": 202,
    "num_alerted": 7,
    "alert_rate": 0.02702702702702703,
    "mean_first_alert_step": 115.42857142857143,
    "mean_temporal_rul_coverage": 0.9205195479048232,
    "mean_temporal_tau_coverage": 0.8997575915622993,
    "tau_anytime_violation_rate": 0.2623762376237624
  },
  "notes": {
    "superuniform_reference": {
      "frac_le_0.1_should_be_<=~": 0.1,
      "frac_le_0.2_should_be_<=~": 0.2,
      "frac_le_0.5_should_be_<=~": 0.5
    }
  }
}