{
  "device": "cuda",
  "epochs": 15,
  "best_val_rmse": 23.084197671646248,
  "final_val_rmse": 23.084197671646248,
  "test_last_rmse": 21.857913900839787,
  "test_last_mae": 16.772348403930664,
  "training_seconds": 19.854193200008012,
  "num_train_samples": 37071,
  "num_val_samples": 9148,
  "num_test_samples": 259,
  "calibration_size": 9148,
  "calibration_bundle_path": "C:\\Users\\micha\\zGTFinal\\outputs\\full_fair_matrix\\seed_repro\\seed_0043\\fd002\\calibration_bundle_fd002.npz",
  "calibration_source": "val",
  "calibration_fraction": 0.2,
  "calibration_rul_floor": 1.0,
  "leakage_check_passed": true,
  "num_train_runs": 208,
  "num_calibration_runs": 52,
  "train_run_indices": [
    0,
    1,
    2,
    3,
    4,
    5,
    6,
    7,
    8,
    9,
    10,
    11,
    12,
    13,
    14,
    15,
    16,
    17,
    18,
    19,
    20,
    21,
    22,
    23,
    24,
    25,
    26,
    27,
    28,
    29,
    30,
    31,
    32,
    33,
    34,
    35,
    36,
    37,
    38,
    39,
    40,
    41,
    42,
    43,
    44,
    45,
    46,
    47,
    48,
    49,
    50,
    51,
    52,
    53,
    54,
    55,
    56,
    57,
    58,
    59,
    60,
    61,
    62,
    63,
    64,
    65,
    66,
    67,
    68,
    69,
    70,
    71,
    72,
    73,
    74,
    75,
    76,
    77,
    78,
    79,
    80,
    81,
    82,
    83,
    84,
    85,
    86,
    87,
    88,
    89,
    90,
    91,
    92,
    93,
    94,
    95,
    96,
    97,
    98,
    99,
    100,
    101,
    102,
    103,
    104,
    105,
    106,
    107,
    108,
    109,
    110,
    111,
    112,
    113,
    114,
    115,
    116,
    117,
    118,
    119,
    120,
    121,
    122,
    123,
    124,
    125,
    126,
    127,
    128,
    129,
    130,
    131,
    132,
    133,
    134,
    135,
    136,
    137,
    138,
    139,
    140,
    141,
    142,
    143,
    144,
    145,
    146,
    147,
    148,
    149,
    150,
    151,
    152,
    153,
    154,
    155,
    156,
    157,
    158,
    159,
    160,
    161,
    162,
    163,
    164,
    165,
    166,
    167,
    168,
    169,
    170,
    171,
    172,
    173,
    174,
    175,
    176,
    177,
    178,
    179,
    180,
    181,
    182,
    183,
    184,
    185,
    186,
    187,
    188,
    189,
    190,
    191,
    192,
    193,
    194,
    195,
    196,
    197,
    198,
    199,
    200,
    201,
    202,
    203,
    204,
    205,
    206,
    207
  ],
  "calibration_run_indices": [
    0,
    1,
    2,
    3,
    4,
    5,
    6,
    7,
    8,
    9,
    10,
    11,
    12,
    13,
    14,
    15,
    16,
    17,
    18,
    19,
    20,
    21,
    22,
    23,
    24,
    25,
    26,
    27,
    28,
    29,
    30,
    31,
    32,
    33,
    34,
    35,
    36,
    37,
    38,
    39,
    40,
    41,
    42,
    43,
    44,
    45,
    46,
    47,
    48,
    49,
    50,
    51
  ],
  "history": [
    {
      "epoch": 1,
      "train_loss": 71.09088737086246,
      "val_rmse": 76.9234460360792,
      "lr": 0.0029672214011007086
    },
    {
      "epoch": 2,
      "train_loss": 36.51743678042763,
      "val_rmse": 106.41975623367252,
      "lr": 0.0028703181864639014
    },
    {
      "epoch": 3,
      "train_loss": 16.809254094174033,
      "val_rmse": 24.936407491632842,
      "lr": 0.0027135254915624215
    },
    {
      "epoch": 4,
      "train_loss": 14.956912291677375,
      "val_rmse": 26.476369237607365,
      "lr": 0.002503695909538288
    },
    {
      "epoch": 5,
      "train_loss": 14.394380569458008,
      "val_rmse": 27.980588903349137,
      "lr": 0.0022500000000000003
    },
    {
      "epoch": 6,
      "train_loss": 13.788509368896484,
      "val_rmse": 23.084197671646248,
      "lr": 0.0019635254915624217
    },
    {
      "epoch": 7,
      "train_loss": 13.144162328619705,
      "val_rmse": 25.035271494690353,
      "lr": 0.0016567926949014808
    },
    {
      "epoch": 8,
      "train_loss": 12.528903409054404,
      "val_rmse": 24.908247334586505,
      "lr": 0.0013432073050985206
    },
    {
      "epoch": 9,
      "train_loss": 12.332026029887952,
      "val_rmse": 23.519591005077668,
      "lr": 0.0010364745084375795
    },
    {
      "epoch": 10,
      "train_loss": 11.78116582569323,
      "val_rmse": 25.383246916238132,
      "lr": 0.0007500000000000007
    },
    {
      "epoch": 11,
      "train_loss": 11.508682401556717,
      "val_rmse": 24.13170839644753,
      "lr": 0.0004963040904617134
    },
    {
      "epoch": 12,
      "train_loss": 11.216013456645765,
      "val_rmse": 23.73954150033321,
      "lr": 0.0002864745084375791
    },
    {
      "epoch": 13,
      "train_loss": 11.011786109522768,
      "val_rmse": 23.789421118870596,
      "lr": 0.00012968181353609857
    },
    {
      "epoch": 14,
      "train_loss": 10.774594758686266,
      "val_rmse": 23.744517222639097,
      "lr": 3.277859889929148e-05
    },
    {
      "epoch": 15,
      "train_loss": 10.795394847267552,
      "val_rmse": 23.82249180538562,
      "lr": 0.0
    }
  ]
}