{
  "fd": 3,
  "checkpoint": "C:\\Users\\micha\\zGTFinal\\outputs\\final_local_fd003\\model_fd003.pt",
  "calibration_file": "C:\\Users\\micha\\zGTFinal\\outputs\\final_local_fd003\\calibration_bundle_fd003.npz",
  "checkpoint_leakage_flag": true,
  "calibration_size": 4361,
  "pred_source": "cache:outputs\\phd_ultra\\fd003\\ablation\\m0p01_b12_mbs512\\audit_cache_fd003.npz",
  "tem_fleet_source": "tem_metrics:outputs\\phd_ultra\\fd003\\ablation\\m0p01_b12_mbs512\\tem_metrics_fd003.json",
  "num_runs": 100,
  "num_points": 13696,
  "use_conditional_calibration": true,
  "cap_implied_rul": true,
  "compute_tau_diagnostics": true,
  "predict_batch_size": 8192,
  "pvalue_safety_margin": 0.01,
  "pvalue_all": {
    "n": 13696,
    "mean_p": 0.5429784256332348,
    "frac_le_0.1": 0.09645151869158879,
    "frac_le_0.2": 0.20166471962616822,
    "frac_le_0.5": 0.4700642523364486,
    "superuniform_margin_0.1": 0.0035484813084112193,
    "superuniform_margin_0.2": -0.0016647196261682096,
    "superuniform_margin_0.5": 0.029935747663551393
  },
  "pvalue_healthy_prefix": {
    "n": 10457,
    "mean_p": 0.6094797072550225,
    "frac_le_0.1": 0.05135316056230276,
    "frac_le_0.2": 0.13894998565554173,
    "frac_le_0.5": 0.3801281438271015,
    "superuniform_margin_0.1": 0.048646839437697244,
    "superuniform_margin_0.2": 0.06105001434445828,
    "superuniform_margin_0.5": 0.11987185617289853
  },
  "tem_fleet": {
    "num_engines": 100,
    "num_tau_diagnostics_engines": 85,
    "num_alerted": 2,
    "alert_rate": 0.02,
    "mean_first_alert_step": 141.0,
    "mean_temporal_rul_coverage": 0.9556273264644249,
    "mean_temporal_tau_coverage": 0.9509152104400747,
    "tau_anytime_violation_rate": 0.16470588235294117
  },
  "notes": {
    "superuniform_reference": {
      "frac_le_0.1_should_be_<=~": 0.1,
      "frac_le_0.2_should_be_<=~": 0.2,
      "frac_le_0.5_should_be_<=~": 0.5
    }
  }
}