{
  "fd": 3,
  "checkpoint": "C:\\Users\\micha\\zGTFinal\\outputs\\final_local_fd003\\model_fd003.pt",
  "calibration_file": "C:\\Users\\micha\\zGTFinal\\outputs\\final_local_fd003\\calibration_bundle_fd003.npz",
  "checkpoint_leakage_flag": true,
  "calibration_size": 4361,
  "pred_source": "cache:outputs\\phd_ultra\\fd003\\ablation\\m0p01_b12_mbs128\\audit_cache_fd003.npz",
  "tem_fleet_source": "tem_metrics:outputs\\phd_ultra\\fd003\\ablation\\m0p01_b12_mbs128\\tem_metrics_fd003.json",
  "num_runs": 100,
  "num_points": 13696,
  "use_conditional_calibration": true,
  "cap_implied_rul": true,
  "compute_tau_diagnostics": true,
  "predict_batch_size": 8192,
  "pvalue_safety_margin": 0.01,
  "pvalue_all": {
    "n": 13696,
    "mean_p": 0.5727492617087717,
    "frac_le_0.1": 0.08016939252336448,
    "frac_le_0.2": 0.174357476635514,
    "frac_le_0.5": 0.4166910046728972,
    "superuniform_margin_0.1": 0.019830607476635523,
    "superuniform_margin_0.2": 0.025642523364485997,
    "superuniform_margin_0.5": 0.08330899532710279
  },
  "pvalue_healthy_prefix": {
    "n": 10457,
    "mean_p": 0.616836820364978,
    "frac_le_0.1": 0.047623601415319884,
    "frac_le_0.2": 0.13608109400401644,
    "frac_le_0.5": 0.3658793152911925,
    "superuniform_margin_0.1": 0.05237639858468012,
    "superuniform_margin_0.2": 0.06391890599598357,
    "superuniform_margin_0.5": 0.1341206847088075
  },
  "tem_fleet": {
    "num_engines": 100,
    "num_tau_diagnostics_engines": 85,
    "num_alerted": 1,
    "alert_rate": 0.01,
    "mean_first_alert_step": 256.0,
    "mean_temporal_rul_coverage": 0.9632772670683281,
    "mean_temporal_tau_coverage": 0.9599151405623138,
    "tau_anytime_violation_rate": 0.1411764705882353
  },
  "notes": {
    "superuniform_reference": {
      "frac_le_0.1_should_be_<=~": 0.1,
      "frac_le_0.2_should_be_<=~": 0.2,
      "frac_le_0.5_should_be_<=~": 0.5
    }
  }
}