{
  "fd": 3,
  "checkpoint": "C:\\Users\\micha\\zGTFinal\\outputs\\final_local_fd003\\model_fd003.pt",
  "calibration_file": "C:\\Users\\micha\\zGTFinal\\outputs\\final_local_fd003\\calibration_bundle_fd003.npz",
  "checkpoint_leakage_flag": true,
  "calibration_size": 4361,
  "pred_source": "cache:outputs\\phd_ultra\\fd003\\ablation\\m0p05_b12_mbs128\\audit_cache_fd003.npz",
  "tem_fleet_source": "tem_metrics:outputs\\phd_ultra\\fd003\\ablation\\m0p05_b12_mbs128\\tem_metrics_fd003.json",
  "num_runs": 100,
  "num_points": 13696,
  "use_conditional_calibration": true,
  "cap_implied_rul": true,
  "compute_tau_diagnostics": true,
  "predict_batch_size": 8192,
  "pvalue_safety_margin": 0.05,
  "pvalue_all": {
    "n": 13696,
    "mean_p": 0.6099842795457445,
    "frac_le_0.1": 0.03314836448598131,
    "frac_le_0.2": 0.1308411214953271,
    "frac_le_0.5": 0.3901869158878505,
    "superuniform_margin_0.1": 0.0668516355140187,
    "superuniform_margin_0.2": 0.06915887850467292,
    "superuniform_margin_0.5": 0.10981308411214952
  },
  "pvalue_healthy_prefix": {
    "n": 10457,
    "mean_p": 0.6535222443471327,
    "frac_le_0.1": 0.013196901597016353,
    "frac_le_0.2": 0.09448216505689969,
    "frac_le_0.5": 0.34120684708807497,
    "superuniform_margin_0.1": 0.08680309840298366,
    "superuniform_margin_0.2": 0.10551783494310032,
    "superuniform_margin_0.5": 0.15879315291192503
  },
  "tem_fleet": {
    "num_engines": 100,
    "num_tau_diagnostics_engines": 85,
    "num_alerted": 1,
    "alert_rate": 0.01,
    "mean_first_alert_step": 264.0,
    "mean_temporal_rul_coverage": 0.9809947810422045,
    "mean_temporal_tau_coverage": 0.9796253270943015,
    "tau_anytime_violation_rate": 0.08235294117647059
  },
  "notes": {
    "superuniform_reference": {
      "frac_le_0.1_should_be_<=~": 0.1,
      "frac_le_0.2_should_be_<=~": 0.2,
      "frac_le_0.5_should_be_<=~": 0.5
    }
  }
}