{
  "fd": 2,
  "checkpoint": "outputs/publication_phd_final/strict_main/fd002/model_fd002.pt",
  "calibration_file": "outputs/publication_phd_final/strict_main/fd002/calibration_bundle_fd002.npz",
  "checkpoint_leakage_flag": true,
  "calibration_size": 7489,
  "pred_source": "cache:outputs\\_fd002_margin009\\audit_cache_fd002.npz",
  "tem_fleet_source": "tem_metrics:outputs\\_fd002_margin009\\tem_metrics_fd002.json",
  "num_runs": 259,
  "num_points": 26511,
  "use_conditional_calibration": true,
  "cap_implied_rul": true,
  "compute_tau_diagnostics": true,
  "predict_batch_size": 8192,
  "pvalue_safety_margin": 0.09,
  "pvalue_all": {
    "n": 26511,
    "mean_p": 0.5817554489874931,
    "frac_le_0.1": 0.009090566180076195,
    "frac_le_0.2": 0.11119912489155445,
    "frac_le_0.5": 0.4232582701520124,
    "superuniform_margin_0.1": 0.09090943381992381,
    "superuniform_margin_0.2": 0.08880087510844556,
    "superuniform_margin_0.5": 0.0767417298479876
  },
  "pvalue_healthy_prefix": {
    "n": 17850,
    "mean_p": 0.5951937714855579,
    "frac_le_0.1": 0.002689075630252101,
    "frac_le_0.2": 0.08644257703081233,
    "frac_le_0.5": 0.40296918767507,
    "superuniform_margin_0.1": 0.0973109243697479,
    "superuniform_margin_0.2": 0.11355742296918768,
    "superuniform_margin_0.5": 0.09703081232493
  },
  "tem_fleet": {
    "num_engines": 259,
    "num_tau_diagnostics_engines": 202,
    "num_alerted": 0,
    "alert_rate": 0.0,
    "mean_first_alert_step": -1.0,
    "mean_temporal_rul_coverage": 0.9764904436066116,
    "mean_temporal_tau_coverage": 0.9698565588817446,
    "tau_anytime_violation_rate": 0.09900990099009901
  },
  "notes": {
    "superuniform_reference": {
      "frac_le_0.1_should_be_<=~": 0.1,
      "frac_le_0.2_should_be_<=~": 0.2,
      "frac_le_0.5_should_be_<=~": 0.5
    }
  }
}