{
  "fd": 2,
  "checkpoint": "outputs\\fd002_finalclean\\model_fd002.pt",
  "calibration_file": "outputs\\fd002_finalclean\\calibration_residuals_fd002.npy",
  "checkpoint_leakage_flag": true,
  "calibration_size": 3331,
  "pvalue_all": {
    "n": 26511,
    "mean_p": 0.49325239884343464,
    "frac_le_0.1": 0.07355437365621817,
    "frac_le_0.2": 0.23329938516087662,
    "frac_le_0.5": 0.508355022443514,
    "superuniform_margin_0.1": 0.026445626343781836,
    "superuniform_margin_0.2": -0.033299385160876604,
    "superuniform_margin_0.5": -0.008355022443514049
  },
  "pvalue_healthy_prefix": {
    "n": 17850,
    "mean_p": 0.5183083989898479,
    "frac_le_0.1": 0.058095238095238096,
    "frac_le_0.2": 0.19641456582633054,
    "frac_le_0.5": 0.4762464985994398,
    "superuniform_margin_0.1": 0.04190476190476191,
    "superuniform_margin_0.2": 0.003585434173669466,
    "superuniform_margin_0.5": 0.023753501400560206
  },
  "tem_fleet": {
    "num_engines": 259,
    "num_alerted": 3,
    "alert_rate": 0.011583011583011582,
    "mean_first_alert_step": 137.33333333333334,
    "mean_temporal_rul_coverage": 0.9291156619721792,
    "mean_temporal_tau_coverage": 0.7551647319426124,
    "tau_anytime_violation_rate": 0.6833976833976834
  },
  "notes": {
    "superuniform_reference": {
      "frac_le_0.1_should_be_<=~": 0.1,
      "frac_le_0.2_should_be_<=~": 0.2,
      "frac_le_0.5_should_be_<=~": 0.5
    }
  }
}