{
  "fd": 3,
  "checkpoint": "C:\\Users\\micha\\zGTFinal\\outputs\\final_local_fd003\\model_fd003.pt",
  "calibration_file": "C:\\Users\\micha\\zGTFinal\\outputs\\final_local_fd003\\calibration_bundle_fd003.npz",
  "checkpoint_leakage_flag": true,
  "calibration_size": 4361,
  "pred_source": "cache:outputs\\phd_ultra\\fd003\\ablation\\m0p0_b12_mbs512\\audit_cache_fd003.npz",
  "tem_fleet_source": "tem_metrics:outputs\\phd_ultra\\fd003\\ablation\\m0p0_b12_mbs512\\tem_metrics_fd003.json",
  "num_runs": 100,
  "num_points": 13696,
  "use_conditional_calibration": true,
  "cap_implied_rul": true,
  "compute_tau_diagnostics": true,
  "predict_batch_size": 8192,
  "pvalue_safety_margin": 0.0,
  "pvalue_all": {
    "n": 13696,
    "mean_p": 0.5330990522186949,
    "frac_le_0.1": 0.1087908878504673,
    "frac_le_0.2": 0.21013434579439252,
    "frac_le_0.5": 0.4807242990654206,
    "superuniform_margin_0.1": -0.008790887850467291,
    "superuniform_margin_0.2": -0.010134345794392513,
    "superuniform_margin_0.5": 0.01927570093457942
  },
  "pvalue_healthy_prefix": {
    "n": 10457,
    "mean_p": 0.5996282364729383,
    "frac_le_0.1": 0.06129865162092378,
    "frac_le_0.2": 0.14583532561920245,
    "frac_le_0.5": 0.3912211915463326,
    "superuniform_margin_0.1": 0.038701348379076225,
    "superuniform_margin_0.2": 0.054164674380797556,
    "superuniform_margin_0.5": 0.10877880845366739
  },
  "tem_fleet": {
    "num_engines": 100,
    "num_tau_diagnostics_engines": 85,
    "num_alerted": 2,
    "alert_rate": 0.02,
    "mean_first_alert_step": 132.0,
    "mean_temporal_rul_coverage": 0.9524779285724745,
    "mean_temporal_tau_coverage": 0.9473517798939104,
    "tau_anytime_violation_rate": 0.16470588235294117
  },
  "notes": {
    "superuniform_reference": {
      "frac_le_0.1_should_be_<=~": 0.1,
      "frac_le_0.2_should_be_<=~": 0.2,
      "frac_le_0.5_should_be_<=~": 0.5
    }
  }
}