{
  "fd": 1,
  "checkpoint": "C:\\Users\\micha\\zGTFinal\\outputs\\final_local_fd001\\model_fd001.pt",
  "calibration_file": "C:\\Users\\micha\\zGTFinal\\outputs\\final_local_fd001\\calibration_bundle_fd001.npz",
  "checkpoint_leakage_flag": true,
  "calibration_size": 3913,
  "pred_source": "cache:outputs\\phd_ultra\\fd001\\ablation\\m0p01_b12_mbs128\\audit_cache_fd001.npz",
  "tem_fleet_source": "tem_metrics:outputs\\phd_ultra\\fd001\\ablation\\m0p01_b12_mbs128\\tem_metrics_fd001.json",
  "num_runs": 100,
  "num_points": 10196,
  "use_conditional_calibration": true,
  "cap_implied_rul": true,
  "compute_tau_diagnostics": true,
  "predict_batch_size": 8192,
  "pvalue_safety_margin": 0.01,
  "pvalue_all": {
    "n": 10196,
    "mean_p": 0.573759524640187,
    "frac_le_0.1": 0.0824833267948215,
    "frac_le_0.2": 0.14270302079246763,
    "frac_le_0.5": 0.389466457434288,
    "superuniform_margin_0.1": 0.01751667320517851,
    "superuniform_margin_0.2": 0.05729697920753238,
    "superuniform_margin_0.5": 0.11053354256571202
  },
  "pvalue_healthy_prefix": {
    "n": 7069,
    "mean_p": 0.5858516415878722,
    "frac_le_0.1": 0.0663460178243033,
    "frac_le_0.2": 0.11500919507709718,
    "frac_le_0.5": 0.374027443768567,
    "superuniform_margin_0.1": 0.033653982175696706,
    "superuniform_margin_0.2": 0.08499080492290283,
    "superuniform_margin_0.5": 0.125972556231433
  },
  "tem_fleet": {
    "num_engines": 100,
    "num_tau_diagnostics_engines": 89,
    "num_alerted": 1,
    "alert_rate": 0.01,
    "mean_first_alert_step": 127.0,
    "mean_temporal_rul_coverage": 0.9753383989146133,
    "mean_temporal_tau_coverage": 0.975099324623161,
    "tau_anytime_violation_rate": 0.056179775280898875
  },
  "notes": {
    "superuniform_reference": {
      "frac_le_0.1_should_be_<=~": 0.1,
      "frac_le_0.2_should_be_<=~": 0.2,
      "frac_le_0.5_should_be_<=~": 0.5
    }
  }
}