{
  "device": "cuda",
  "epochs": 15,
  "best_val_rmse": 22.789600241204614,
  "final_val_rmse": 22.789600241204614,
  "test_last_rmse": 22.3448648201784,
  "test_last_mae": 17.36590576171875,
  "training_seconds": 42.5901025000494,
  "num_train_samples": 29697,
  "num_val_samples": 9148,
  "num_test_samples": 259,
  "calibration_size": 7374,
  "calibration_bundle_path": "C:\\Users\\micha\\zGTFinal\\outputs\\publication_full_rtx4050\\seed_repro\\seed_0041\\fd002\\calibration_bundle_fd002.npz",
  "calibration_source": "dev_holdout",
  "calibration_fraction": 0.2,
  "calibration_rul_floor": 1.0,
  "leakage_check_passed": true,
  "num_train_runs": 166,
  "num_calibration_runs": 42,
  "train_run_indices": [
    0,
    1,
    2,
    3,
    5,
    6,
    7,
    8,
    9,
    11,
    12,
    13,
    14,
    16,
    17,
    18,
    19,
    20,
    22,
    23,
    24,
    26,
    27,
    28,
    31,
    33,
    34,
    36,
    37,
    38,
    39,
    40,
    41,
    42,
    43,
    44,
    45,
    46,
    48,
    49,
    51,
    52,
    55,
    56,
    58,
    59,
    60,
    63,
    64,
    67,
    69,
    70,
    71,
    73,
    74,
    76,
    77,
    78,
    79,
    80,
    81,
    82,
    84,
    85,
    86,
    87,
    88,
    89,
    90,
    91,
    93,
    94,
    95,
    97,
    98,
    99,
    100,
    101,
    102,
    103,
    104,
    106,
    107,
    108,
    109,
    110,
    111,
    112,
    113,
    114,
    115,
    116,
    117,
    118,
    121,
    122,
    123,
    124,
    125,
    126,
    127,
    128,
    129,
    130,
    132,
    134,
    135,
    136,
    137,
    138,
    139,
    141,
    142,
    143,
    144,
    145,
    147,
    148,
    149,
    150,
    151,
    154,
    155,
    157,
    158,
    159,
    162,
    163,
    166,
    168,
    169,
    170,
    171,
    172,
    173,
    174,
    175,
    176,
    177,
    179,
    180,
    181,
    182,
    183,
    184,
    185,
    186,
    187,
    188,
    190,
    191,
    192,
    193,
    194,
    195,
    196,
    197,
    198,
    199,
    200,
    201,
    202,
    203,
    204,
    206,
    207
  ],
  "calibration_run_indices": [
    4,
    10,
    15,
    21,
    25,
    29,
    30,
    32,
    35,
    47,
    50,
    53,
    54,
    57,
    61,
    62,
    65,
    66,
    68,
    72,
    75,
    83,
    92,
    96,
    105,
    119,
    120,
    131,
    133,
    140,
    146,
    152,
    153,
    156,
    160,
    161,
    164,
    165,
    167,
    178,
    189,
    205
  ],
  "history": [
    {
      "epoch": 1,
      "train_loss": 73.89798736572266,
      "val_rmse": 83.45163603847983,
      "lr": 0.0029672214011007086
    },
    {
      "epoch": 2,
      "train_loss": 50.20371360778809,
      "val_rmse": 36.8135337544518,
      "lr": 0.0028703181864639014
    },
    {
      "epoch": 3,
      "train_loss": 19.991238657633463,
      "val_rmse": 53.33976746871035,
      "lr": 0.0027135254915624215
    },
    {
      "epoch": 4,
      "train_loss": 16.780150349934896,
      "val_rmse": 29.410944014807672,
      "lr": 0.002503695909538288
    },
    {
      "epoch": 5,
      "train_loss": 14.998183250427246,
      "val_rmse": 24.546056337480792,
      "lr": 0.0022500000000000003
    },
    {
      "epoch": 6,
      "train_loss": 14.230781618754069,
      "val_rmse": 23.19728359458211,
      "lr": 0.0019635254915624217
    },
    {
      "epoch": 7,
      "train_loss": 13.61850185394287,
      "val_rmse": 25.18993817681952,
      "lr": 0.0016567926949014808
    },
    {
      "epoch": 8,
      "train_loss": 13.142187563578288,
      "val_rmse": 22.789600241204614,
      "lr": 0.0013432073050985206
    },
    {
      "epoch": 9,
      "train_loss": 12.684839502970378,
      "val_rmse": 24.110502683210054,
      "lr": 0.0010364745084375795
    },
    {
      "epoch": 10,
      "train_loss": 12.197375996907551,
      "val_rmse": 23.445310132898847,
      "lr": 0.0007500000000000007
    },
    {
      "epoch": 11,
      "train_loss": 11.832944297790528,
      "val_rmse": 23.394276679374276,
      "lr": 0.0004963040904617134
    },
    {
      "epoch": 12,
      "train_loss": 11.454287783304851,
      "val_rmse": 23.17702928347084,
      "lr": 0.0002864745084375791
    },
    {
      "epoch": 13,
      "train_loss": 11.199395561218262,
      "val_rmse": 23.21046144749382,
      "lr": 0.00012968181353609857
    },
    {
      "epoch": 14,
      "train_loss": 11.025745964050293,
      "val_rmse": 23.350547675920005,
      "lr": 3.277859889929148e-05
    },
    {
      "epoch": 15,
      "train_loss": 10.993321927388509,
      "val_rmse": 23.153925615874474,
      "lr": 0.0
    }
  ]
}