{
  "fd": 2,
  "checkpoint": "C:\\Users\\micha\\zGTFinal\\outputs\\final_local_fd002\\model_fd002.pt",
  "calibration_file": "C:\\Users\\micha\\zGTFinal\\outputs\\final_local_fd002\\calibration_bundle_fd002.npz",
  "checkpoint_leakage_flag": true,
  "calibration_size": 9148,
  "pred_source": "cache:outputs\\phd_ultra\\fd002\\ablation\\m0p0_b8_mbs512\\audit_cache_fd002.npz",
  "tem_fleet_source": "tem_metrics:outputs\\phd_ultra\\fd002\\ablation\\m0p0_b8_mbs512\\tem_metrics_fd002.json",
  "num_runs": 259,
  "num_points": 26511,
  "use_conditional_calibration": true,
  "cap_implied_rul": true,
  "compute_tau_diagnostics": true,
  "predict_batch_size": 8192,
  "pvalue_safety_margin": 0.0,
  "pvalue_all": {
    "n": 26511,
    "mean_p": 0.4951582295297272,
    "frac_le_0.1": 0.10765342687940854,
    "frac_le_0.2": 0.2150050922258685,
    "frac_le_0.5": 0.5148051752102901,
    "superuniform_margin_0.1": -0.007653426879408537,
    "superuniform_margin_0.2": -0.015005092225868488,
    "superuniform_margin_0.5": -0.014805175210290122
  },
  "pvalue_healthy_prefix": {
    "n": 17850,
    "mean_p": 0.5071266344579485,
    "frac_le_0.1": 0.09378151260504201,
    "frac_le_0.2": 0.200672268907563,
    "frac_le_0.5": 0.49400560224089635,
    "superuniform_margin_0.1": 0.006218487394957992,
    "superuniform_margin_0.2": -0.0006722689075630006,
    "superuniform_margin_0.5": 0.0059943977591036535
  },
  "tem_fleet": {
    "num_engines": 259,
    "num_tau_diagnostics_engines": 202,
    "num_alerted": 1,
    "alert_rate": 0.003861003861003861,
    "mean_first_alert_step": 142.0,
    "mean_temporal_rul_coverage": 0.9502055280445547,
    "mean_temporal_tau_coverage": 0.9361546126907905,
    "tau_anytime_violation_rate": 0.19306930693069307
  },
  "notes": {
    "superuniform_reference": {
      "frac_le_0.1_should_be_<=~": 0.1,
      "frac_le_0.2_should_be_<=~": 0.2,
      "frac_le_0.5_should_be_<=~": 0.5
    }
  }
}