{
  "fd": 2,
  "checkpoint": "C:\\Users\\micha\\zGTFinal\\outputs\\final_local_fd002\\model_fd002.pt",
  "calibration_file": "C:\\Users\\micha\\zGTFinal\\outputs\\final_local_fd002\\calibration_bundle_fd002.npz",
  "checkpoint_leakage_flag": true,
  "calibration_size": 9148,
  "pred_source": "cache:outputs\\phd_ultra\\fd002\\ablation\\m0p01_b8_mbs128\\audit_cache_fd002.npz",
  "tem_fleet_source": "tem_metrics:outputs\\phd_ultra\\fd002\\ablation\\m0p01_b8_mbs128\\tem_metrics_fd002.json",
  "num_runs": 259,
  "num_points": 26511,
  "use_conditional_calibration": true,
  "cap_implied_rul": true,
  "compute_tau_diagnostics": true,
  "predict_batch_size": 8192,
  "pvalue_safety_margin": 0.01,
  "pvalue_all": {
    "n": 26511,
    "mean_p": 0.5050526660306902,
    "frac_le_0.1": 0.09958130587303383,
    "frac_le_0.2": 0.20587680585417373,
    "frac_le_0.5": 0.5047716042397495,
    "superuniform_margin_0.1": 0.0004186941269661709,
    "superuniform_margin_0.2": -0.005876805854173717,
    "superuniform_margin_0.5": -0.004771604239749538
  },
  "pvalue_healthy_prefix": {
    "n": 17850,
    "mean_p": 0.5169938535888858,
    "frac_le_0.1": 0.08722689075630252,
    "frac_le_0.2": 0.19182072829131652,
    "frac_le_0.5": 0.485266106442577,
    "superuniform_margin_0.1": 0.012773109243697484,
    "superuniform_margin_0.2": 0.008179271708683489,
    "superuniform_margin_0.5": 0.014733893557422995
  },
  "tem_fleet": {
    "num_engines": 259,
    "num_tau_diagnostics_engines": 202,
    "num_alerted": 0,
    "alert_rate": 0.0,
    "mean_first_alert_step": -1.0,
    "mean_temporal_rul_coverage": 0.9534602448175903,
    "mean_temporal_tau_coverage": 0.9403277396423558,
    "tau_anytime_violation_rate": 0.1782178217821782
  },
  "notes": {
    "superuniform_reference": {
      "frac_le_0.1_should_be_<=~": 0.1,
      "frac_le_0.2_should_be_<=~": 0.2,
      "frac_le_0.5_should_be_<=~": 0.5
    }
  }
}