{
  "device": "cuda",
  "epochs": 15,
  "best_val_rmse": 23.145851015188775,
  "final_val_rmse": 23.145851015188775,
  "test_last_rmse": 23.238673705666933,
  "test_last_mae": 18.346172332763672,
  "training_seconds": 18.665889299998526,
  "num_train_samples": 37071,
  "num_val_samples": 9148,
  "num_test_samples": 259,
  "calibration_size": 9148,
  "calibration_bundle_path": "C:\\Users\\micha\\zGTFinal\\outputs\\strict_pipeline_all_e15_phd\\fd002\\calibration_bundle_fd002.npz",
  "calibration_source": "val",
  "calibration_fraction": 0.2,
  "calibration_rul_floor": 1.0,
  "leakage_check_passed": true,
  "num_train_runs": 208,
  "num_calibration_runs": 52,
  "train_run_indices": [
    0,
    1,
    2,
    3,
    4,
    5,
    6,
    7,
    8,
    9,
    10,
    11,
    12,
    13,
    14,
    15,
    16,
    17,
    18,
    19,
    20,
    21,
    22,
    23,
    24,
    25,
    26,
    27,
    28,
    29,
    30,
    31,
    32,
    33,
    34,
    35,
    36,
    37,
    38,
    39,
    40,
    41,
    42,
    43,
    44,
    45,
    46,
    47,
    48,
    49,
    50,
    51,
    52,
    53,
    54,
    55,
    56,
    57,
    58,
    59,
    60,
    61,
    62,
    63,
    64,
    65,
    66,
    67,
    68,
    69,
    70,
    71,
    72,
    73,
    74,
    75,
    76,
    77,
    78,
    79,
    80,
    81,
    82,
    83,
    84,
    85,
    86,
    87,
    88,
    89,
    90,
    91,
    92,
    93,
    94,
    95,
    96,
    97,
    98,
    99,
    100,
    101,
    102,
    103,
    104,
    105,
    106,
    107,
    108,
    109,
    110,
    111,
    112,
    113,
    114,
    115,
    116,
    117,
    118,
    119,
    120,
    121,
    122,
    123,
    124,
    125,
    126,
    127,
    128,
    129,
    130,
    131,
    132,
    133,
    134,
    135,
    136,
    137,
    138,
    139,
    140,
    141,
    142,
    143,
    144,
    145,
    146,
    147,
    148,
    149,
    150,
    151,
    152,
    153,
    154,
    155,
    156,
    157,
    158,
    159,
    160,
    161,
    162,
    163,
    164,
    165,
    166,
    167,
    168,
    169,
    170,
    171,
    172,
    173,
    174,
    175,
    176,
    177,
    178,
    179,
    180,
    181,
    182,
    183,
    184,
    185,
    186,
    187,
    188,
    189,
    190,
    191,
    192,
    193,
    194,
    195,
    196,
    197,
    198,
    199,
    200,
    201,
    202,
    203,
    204,
    205,
    206,
    207
  ],
  "calibration_run_indices": [
    0,
    1,
    2,
    3,
    4,
    5,
    6,
    7,
    8,
    9,
    10,
    11,
    12,
    13,
    14,
    15,
    16,
    17,
    18,
    19,
    20,
    21,
    22,
    23,
    24,
    25,
    26,
    27,
    28,
    29,
    30,
    31,
    32,
    33,
    34,
    35,
    36,
    37,
    38,
    39,
    40,
    41,
    42,
    43,
    44,
    45,
    46,
    47,
    48,
    49,
    50,
    51
  ],
  "history": [
    {
      "epoch": 1,
      "train_loss": 70.58866500854492,
      "val_rmse": 73.61129690717858,
      "lr": 0.0029672214011007086
    },
    {
      "epoch": 2,
      "train_loss": 34.26757752267938,
      "val_rmse": 31.098879902979444,
      "lr": 0.0028703181864639014
    },
    {
      "epoch": 3,
      "train_loss": 17.186860184920462,
      "val_rmse": 28.8681094690265,
      "lr": 0.0027135254915624215
    },
    {
      "epoch": 4,
      "train_loss": 14.937814461557489,
      "val_rmse": 27.124667712596995,
      "lr": 0.002503695909538288
    },
    {
      "epoch": 5,
      "train_loss": 13.964636702286569,
      "val_rmse": 23.145851015188775,
      "lr": 0.0022500000000000003
    },
    {
      "epoch": 6,
      "train_loss": 13.293281655562552,
      "val_rmse": 30.315749282663372,
      "lr": 0.0019635254915624217
    },
    {
      "epoch": 7,
      "train_loss": 12.84245807246158,
      "val_rmse": 23.361411946990152,
      "lr": 0.0016567926949014808
    },
    {
      "epoch": 8,
      "train_loss": 12.393814890008224,
      "val_rmse": 26.615200267431202,
      "lr": 0.0013432073050985206
    },
    {
      "epoch": 9,
      "train_loss": 11.8604880885074,
      "val_rmse": 23.208183770903563,
      "lr": 0.0010364745084375795
    },
    {
      "epoch": 10,
      "train_loss": 11.339000952871222,
      "val_rmse": 23.737480447034127,
      "lr": 0.0007500000000000007
    },
    {
      "epoch": 11,
      "train_loss": 11.078075408935547,
      "val_rmse": 24.136297638896067,
      "lr": 0.0004963040904617134
    },
    {
      "epoch": 12,
      "train_loss": 10.562918964185213,
      "val_rmse": 23.199124279766558,
      "lr": 0.0002864745084375791
    },
    {
      "epoch": 13,
      "train_loss": 10.424083759910182,
      "val_rmse": 23.37146662673638,
      "lr": 0.00012968181353609857
    },
    {
      "epoch": 14,
      "train_loss": 10.25234603881836,
      "val_rmse": 23.30609618411084,
      "lr": 3.277859889929148e-05
    },
    {
      "epoch": 15,
      "train_loss": 10.192625296743293,
      "val_rmse": 23.197603737041373,
      "lr": 0.0
    }
  ]
}