{
  "fd": 1,
  "checkpoint": "outputs/final_local_fd001/model_fd001.pt",
  "calibration_file": "outputs/final_local_fd001/calibration_bundle_fd001.npz",
  "checkpoint_leakage_flag": true,
  "calibration_size": 3913,
  "pred_source": "cache:outputs\\final_local_fd001_fulltopo\\audit_cache_fd001.npz",
  "tem_fleet_source": "tem_metrics:outputs\\final_local_fd001_fulltopo\\tem_metrics_fd001.json",
  "num_runs": 100,
  "num_points": 10196,
  "use_conditional_calibration": true,
  "cap_implied_rul": true,
  "compute_tau_diagnostics": true,
  "predict_batch_size": 8192,
  "pvalue_safety_margin": 0.02,
  "pvalue_all": {
    "n": 10196,
    "mean_p": 0.5791974862647338,
    "frac_le_0.1": 0.07502942330325618,
    "frac_le_0.2": 0.14456649666535895,
    "frac_le_0.5": 0.3928991761475088,
    "superuniform_margin_0.1": 0.024970576696743824,
    "superuniform_margin_0.2": 0.05543350333464106,
    "superuniform_margin_0.5": 0.1071008238524912
  },
  "pvalue_healthy_prefix": {
    "n": 7069,
    "mean_p": 0.5903964293047128,
    "frac_le_0.1": 0.06068750884142029,
    "frac_le_0.2": 0.1161408968736738,
    "frac_le_0.5": 0.37940302730230585,
    "superuniform_margin_0.1": 0.03931249115857972,
    "superuniform_margin_0.2": 0.08385910312632622,
    "superuniform_margin_0.5": 0.12059697269769415
  },
  "tem_fleet": {
    "num_engines": 100,
    "num_tau_diagnostics_engines": 89,
    "num_alerted": 1,
    "alert_rate": 0.01,
    "mean_first_alert_step": 129.0,
    "mean_temporal_rul_coverage": 0.9761191996137489,
    "mean_temporal_tau_coverage": 0.9757685555377119,
    "tau_anytime_violation_rate": 0.056179775280898875
  },
  "notes": {
    "superuniform_reference": {
      "frac_le_0.1_should_be_<=~": 0.1,
      "frac_le_0.2_should_be_<=~": 0.2,
      "frac_le_0.5_should_be_<=~": 0.5
    }
  }
}