{
  "fd": 1,
  "checkpoint": "C:\\Users\\micha\\zGTFinal\\outputs\\final_local_fd001\\model_fd001.pt",
  "calibration_file": "C:\\Users\\micha\\zGTFinal\\outputs\\final_local_fd001\\calibration_bundle_fd001.npz",
  "checkpoint_leakage_flag": true,
  "calibration_size": 3913,
  "pred_source": "cache:outputs\\phd_ultra\\fd001\\ablation\\m0p0_b12_mbs128\\audit_cache_fd001.npz",
  "tem_fleet_source": "tem_metrics:outputs\\phd_ultra\\fd001\\ablation\\m0p0_b12_mbs128\\tem_metrics_fd001.json",
  "num_runs": 100,
  "num_points": 10196,
  "use_conditional_calibration": true,
  "cap_implied_rul": true,
  "compute_tau_diagnostics": true,
  "predict_batch_size": 8192,
  "pvalue_safety_margin": 0.0,
  "pvalue_all": {
    "n": 10196,
    "mean_p": 0.56386832091999,
    "frac_le_0.1": 0.08846606512357788,
    "frac_le_0.2": 0.15260886622204786,
    "frac_le_0.5": 0.39672420557081206,
    "superuniform_margin_0.1": 0.011533934876422125,
    "superuniform_margin_0.2": 0.04739113377795215,
    "superuniform_margin_0.5": 0.10327579442918794
  },
  "pvalue_healthy_prefix": {
    "n": 7069,
    "mean_p": 0.5759586199694512,
    "frac_le_0.1": 0.07115575045975385,
    "frac_le_0.2": 0.12505304852171453,
    "frac_le_0.5": 0.3823737445183194,
    "superuniform_margin_0.1": 0.028844249540246156,
    "superuniform_margin_0.2": 0.07494695147828548,
    "superuniform_margin_0.5": 0.1176262554816806
  },
  "tem_fleet": {
    "num_engines": 100,
    "num_tau_diagnostics_engines": 89,
    "num_alerted": 1,
    "alert_rate": 0.01,
    "mean_first_alert_step": 125.0,
    "mean_temporal_rul_coverage": 0.973707022819686,
    "mean_temporal_tau_coverage": 0.9734743910167093,
    "tau_anytime_violation_rate": 0.06741573033707865
  },
  "notes": {
    "superuniform_reference": {
      "frac_le_0.1_should_be_<=~": 0.1,
      "frac_le_0.2_should_be_<=~": 0.2,
      "frac_le_0.5_should_be_<=~": 0.5
    }
  }
}