{
  "fd": 4,
  "checkpoint": "C:\\Users\\micha\\zGTFinal\\outputs\\final_local_fd004\\model_fd004.pt",
  "calibration_file": "C:\\Users\\micha\\zGTFinal\\outputs\\final_local_fd004\\calibration_bundle_fd004.npz",
  "checkpoint_leakage_flag": true,
  "calibration_size": 10727,
  "pred_source": "cache:outputs\\phd_ultra\\fd004\\ablation\\m0p0_b8_mbs128\\audit_cache_fd004.npz",
  "tem_fleet_source": "tem_metrics:outputs\\phd_ultra\\fd004\\ablation\\m0p0_b8_mbs128\\tem_metrics_fd004.json",
  "num_runs": 248,
  "num_points": 34092,
  "use_conditional_calibration": true,
  "cap_implied_rul": true,
  "compute_tau_diagnostics": true,
  "predict_batch_size": 8192,
  "pvalue_safety_margin": 0.0,
  "pvalue_all": {
    "n": 34092,
    "mean_p": 0.4975074114329833,
    "frac_le_0.1": 0.08849583479995307,
    "frac_le_0.2": 0.191129883843717,
    "frac_le_0.5": 0.4968907661621495,
    "superuniform_margin_0.1": 0.011504165200046934,
    "superuniform_margin_0.2": 0.008870116156282998,
    "superuniform_margin_0.5": 0.0031092338378505002
  },
  "pvalue_healthy_prefix": {
    "n": 26513,
    "mean_p": 0.516078061478422,
    "frac_le_0.1": 0.08041338211443443,
    "frac_le_0.2": 0.1616188284992268,
    "frac_le_0.5": 0.46448911854561914,
    "superuniform_margin_0.1": 0.01958661788556558,
    "superuniform_margin_0.2": 0.03838117150077322,
    "superuniform_margin_0.5": 0.03551088145438086
  },
  "tem_fleet": {
    "num_engines": 248,
    "num_tau_diagnostics_engines": 181,
    "num_alerted": 4,
    "alert_rate": 0.016129032258064516,
    "mean_first_alert_step": 218.75,
    "mean_temporal_rul_coverage": 0.949792421378533,
    "mean_temporal_tau_coverage": 0.9348631999975326,
    "tau_anytime_violation_rate": 0.19337016574585636
  },
  "notes": {
    "superuniform_reference": {
      "frac_le_0.1_should_be_<=~": 0.1,
      "frac_le_0.2_should_be_<=~": 0.2,
      "frac_le_0.5_should_be_<=~": 0.5
    }
  }
}