{
  "fd": 1,
  "checkpoint": "outputs\\fd001_deepfix\\model_fd001.pt",
  "calibration_file": "outputs\\fd001_deepfix\\calibration_residuals_fd001.npy",
  "checkpoint_leakage_flag": true,
  "calibration_size": 1041,
  "pvalue_all": {
    "n": 10196,
    "mean_p": 0.4978152773772259,
    "frac_le_0.1": 0.12593173793644566,
    "frac_le_0.2": 0.19880345233424873,
    "frac_le_0.5": 0.5050019615535504
  },
  "pvalue_healthy_prefix": {
    "n": 7069,
    "mean_p": 0.5243533103499397,
    "frac_le_0.1": 0.1046824161833357,
    "frac_le_0.2": 0.17102843400763898,
    "frac_le_0.5": 0.4665440656387042
  },
  "tem_fleet": {
    "num_engines": 100,
    "num_alerted": 3,
    "alert_rate": 0.03,
    "mean_first_alert_step": 115.0,
    "mean_temporal_rul_coverage": 0.939235575793725,
    "mean_temporal_tau_coverage": 0.6479419747258666,
    "tau_anytime_violation_rate": 0.83
  },
  "notes": {
    "superuniform_reference": {
      "frac_le_0.1_should_be_<=~": 0.1,
      "frac_le_0.2_should_be_<=~": 0.2,
      "frac_le_0.5_should_be_<=~": 0.5
    }
  }
}