{
  "n_cal": 9148,
  "n_test": 26511,
  "mean_res_cal": 18.181367608100814,
  "mean_res_test": 18.566529761525874,
  "ks_residual_global": 0.03183895896097577,
  "conditional_bins": [
    {
      "bin": 0,
      "lo": 1.0,
      "hi": 44.0,
      "n_cal": 2236,
      "n_test": 1999,
      "mean_res_cal": 15.658626986317643,
      "mean_res_test": 20.992225116464482,
      "ks": 0.14789304312263468
    },
    {
      "bin": 1,
      "lo": 44.0,
      "hi": 88.0,
      "n_cal": 2288,
      "n_test": 4809,
      "mean_res_cal": 21.313616559222027,
      "mean_res_test": 21.915886878768976,
      "ks": 0.05990616006991556
    },
    {
      "bin": 2,
      "lo": 88.0,
      "hi": 125.0,
      "n_cal": 1847,
      "n_test": 6227,
      "mean_res_cal": 15.893306713589604,
      "mean_res_test": 15.579482495583749,
      "ks": 0.035864216374732194
    },
    {
      "bin": 3,
      "lo": 125.0,
      "hi": 126.0,
      "n_cal": 2777,
      "n_test": 13476,
      "mean_res_cal": 19.153751800504143,
      "mean_res_test": 18.391724176313446,
      "ks": 0.05342933243035565
    }
  ]
}