{
  "timestamp_local": "2026-03-05",
  "runs": [
    {
      "fd": "fd001",
      "out_dir": "outputs/final_local_fd001",
      "test_last_rmse": 17.500203123821166,
      "test_last_mae": 13.353437423706055,
      "alert_rate": 0.01,
      "mean_temporal_rul_coverage": 0.9761191996137489,
      "mean_temporal_tau_coverage": 0.9757685555377119,
      "tau_anytime_violation_rate": 0.056179775280898875,
      "audit_mean_p_all": 0.5791985669028363,
      "audit_mean_p_healthy": 0.5903977072873284,
      "deep_check_findings_no_taugap": 0
    },
    {
      "fd": "fd002",
      "out_dir": "outputs/final_local_fd002",
      "test_last_rmse": 23.244488074998035,
      "test_last_mae": 18.354257583618164,
      "alert_rate": 0.0,
      "mean_temporal_rul_coverage": 0.9566588278545198,
      "mean_temporal_tau_coverage": 0.9444288931402012,
      "tau_anytime_violation_rate": 0.16336633663366337,
      "audit_mean_p_all": 0.5147991618673546,
      "audit_mean_p_healthy": 0.5266850761927271,
      "deep_check_findings_no_taugap": 0
    },
    {
      "fd": "fd003",
      "out_dir": "outputs/final_local_fd003",
      "test_last_rmse": 22.2816032580692,
      "test_last_mae": 16.05160140991211,
      "alert_rate": 0.01,
      "mean_temporal_rul_coverage": 0.9677611207541506,
      "mean_temporal_tau_coverage": 0.964906775656903,
      "tau_anytime_violation_rate": 0.1411764705882353,
      "audit_mean_p_all": 0.582449158446926,
      "audit_mean_p_healthy": 0.6288316747180674,
      "deep_check_findings_no_taugap": 0
    },
    {
      "fd": "fd004",
      "out_dir": "outputs/final_local_fd004",
      "test_last_rmse": 24.777581670280483,
      "test_last_mae": 18.908313751220703,
      "alert_rate": 0.016129032258064516,
      "mean_temporal_rul_coverage": 0.959058955216691,
      "mean_temporal_tau_coverage": 0.9463122814211409,
      "tau_anytime_violation_rate": 0.16574585635359115,
      "audit_mean_p_all": 0.517329242902943,
      "audit_mean_p_healthy": 0.5358886576522147,
      "deep_check_findings_no_taugap": 0
    }
  ]
}