{
  "runs": [
    {
      "tag": "fd001",
      "out_dir": "outputs\\final_local_fd001",
      "test_last_rmse": 17.500203123821166,
      "test_last_mae": 13.353437423706055,
      "alert_rate": 0.01,
      "mean_temporal_rul_coverage": 0.9761191996137489,
      "mean_temporal_tau_coverage": 0.9757685555377119,
      "tau_anytime_violation_rate": 0.056179775280898875,
      "audit_mean_p_all": 0.5791985669028363,
      "audit_mean_p_healthy": 0.5903977072873284,
      "deep_check_findings_no_taugap": 0
    },
    {
      "tag": "fd002",
      "out_dir": "outputs\\final_local_fd002",
      "test_last_rmse": 23.244488074998035,
      "test_last_mae": 18.354257583618164,
      "alert_rate": 0.0,
      "mean_temporal_rul_coverage": 0.9566588278545198,
      "mean_temporal_tau_coverage": 0.9444288931402012,
      "tau_anytime_violation_rate": 0.16336633663366337,
      "audit_mean_p_all": 0.5147991618673546,
      "audit_mean_p_healthy": 0.5266850761927271,
      "deep_check_findings_no_taugap": 0
    },
    {
      "tag": "fd001_fulltopo",
      "out_dir": "outputs\\final_local_fd001_fulltopo",
      "test_last_rmse": 17.500203123821166,
      "test_last_mae": 13.353437423706055,
      "alert_rate": 0.01,
      "mean_temporal_rul_coverage": 0.9761191996137489,
      "mean_temporal_tau_coverage": 0.9757685555377119,
      "tau_anytime_violation_rate": 0.056179775280898875,
      "audit_mean_p_all": 0.5791974862647338,
      "audit_mean_p_healthy": 0.5903964293047128,
      "deep_check_findings_no_taugap": 0
    },
    {
      "tag": "fd002_fulltopo",
      "out_dir": "outputs\\final_local_fd002_fulltopo",
      "test_last_rmse": 23.244488074998035,
      "test_last_mae": 18.354257583618164,
      "alert_rate": 0.0,
      "mean_temporal_rul_coverage": 0.9566765388814051,
      "mean_temporal_tau_coverage": 0.9444516018330887,
      "tau_anytime_violation_rate": 0.16336633663366337,
      "audit_mean_p_all": 0.5147970768235134,
      "audit_mean_p_healthy": 0.5266814213694639,
      "deep_check_findings_no_taugap": 0
    }
  ]
}