{
  "comparisons": [
    {
      "case": "FD001",
      "fleet_diff": {
        "alert_rate": [
          0.0,
          0.0,
          0.0
        ],
        "mean_temporal_rul_coverage": [
          0.9760652824544503,
          0.9760652824544503,
          0.0
        ],
        "mean_temporal_tau_coverage": [
          0.9756039378389578,
          0.9756039378389578,
          0.0
        ],
        "tau_anytime_violation_rate": [
          0.07865168539325842,
          0.07865168539325842,
          0.0
        ],
        "num_engines": [
          100,
          100,
          0.0
        ],
        "num_tau_diagnostics_engines": [
          89,
          89,
          0.0
        ]
      },
      "per_run_equal": {
        "first_alert_step": true,
        "final_r_star": true,
        "temporal_rul_coverage": true,
        "temporal_tau_coverage": true,
        "tau_anytime_violation": true
      }
    },
    {
      "case": "FD002",
      "fleet_diff": {
        "alert_rate": [
          0.007722007722007722,
          0.007722007722007722,
          0.0
        ],
        "mean_temporal_rul_coverage": [
          0.9401889702902586,
          0.9401889702902586,
          0.0
        ],
        "mean_temporal_tau_coverage": [
          0.923311600520678,
          0.923311600520678,
          0.0
        ],
        "tau_anytime_violation_rate": [
          0.21782178217821782,
          0.21782178217821782,
          0.0
        ],
        "num_engines": [
          259,
          259,
          0.0
        ],
        "num_tau_diagnostics_engines": [
          202,
          202,
          0.0
        ]
      },
      "per_run_equal": {
        "first_alert_step": true,
        "final_r_star": true,
        "temporal_rul_coverage": true,
        "temporal_tau_coverage": true,
        "tau_anytime_violation": true
      }
    }
  ]
}