{
  "runs": [
    {
      "fd": "fd001",
      "fleet": {
        "num_engines": 100,
        "num_tau_diagnostics_engines": 89,
        "num_alerted": 1,
        "alert_rate": 0.01,
        "mean_first_alert_step": 131.0,
        "mean_temporal_rul_coverage": 0.9793041301089747,
        "mean_temporal_tau_coverage": 0.9785148361607288,
        "tau_anytime_violation_rate": 0.056179775280898875
      },
      "audit_mean_p_all": 0.6012100698274473,
      "audit_mean_p_healthy": 0.6007111567123626,
      "cov_p05": 0.8423107890499194,
      "gamma_p95": 140.23884656484276,
      "ridge_tv_p95": 240.25,
      "low_cov_runs": [
        92,
        90,
        44
      ]
    },
    {
      "fd": "fd002",
      "fleet": {
        "num_engines": 259,
        "num_tau_diagnostics_engines": 202,
        "num_alerted": 0,
        "alert_rate": 0.0,
        "mean_first_alert_step": -1.0,
        "mean_temporal_rul_coverage": 0.963724920267744,
        "mean_temporal_tau_coverage": 0.9534888829175531,
        "tau_anytime_violation_rate": 0.13366336633663367
      },
      "audit_mean_p_all": 0.5433311833271987,
      "audit_mean_p_healthy": 0.5550647801316866,
      "cov_p05": 0.6585664335664335,
      "gamma_p95": 60.230425238579095,
      "ridge_tv_p95": 255.29999999999998,
      "low_cov_runs": [
        249,
        96,
        57
      ]
    },
    {
      "fd": "fd003",
      "fleet": {
        "num_engines": 100,
        "num_tau_diagnostics_engines": 85,
        "num_alerted": 1,
        "alert_rate": 0.01,
        "mean_first_alert_step": 260.0,
        "mean_temporal_rul_coverage": 0.9821576993326812,
        "mean_temporal_tau_coverage": 0.9809934662595682,
        "tau_anytime_violation_rate": 0.07058823529411765
      },
      "audit_mean_p_all": 0.6100446311358658,
      "audit_mean_p_healthy": 0.6559414379939957,
      "cov_p05": 0.9689472174411934,
      "gamma_p95": 24.163896004413516,
      "ridge_tv_p95": 331.29999999999995,
      "low_cov_runs": [
        47,
        95,
        25
      ]
    },
    {
      "fd": "fd004",
      "fleet": {
        "num_engines": 248,
        "num_tau_diagnostics_engines": 181,
        "num_alerted": 3,
        "alert_rate": 0.012096774193548387,
        "mean_first_alert_step": 240.66666666666666,
        "mean_temporal_rul_coverage": 0.968308626878567,
        "mean_temporal_tau_coverage": 0.9571166091700429,
        "tau_anytime_violation_rate": 0.12154696132596685
      },
      "audit_mean_p_all": 0.5464389593789336,
      "audit_mean_p_healthy": 0.5649681745674011,
      "cov_p05": 0.68756201275691,
      "gamma_p95": 122.94428453295444,
      "ridge_tv_p95": 431.29999999999995,
      "low_cov_runs": [
        85,
        150,
        180
      ]
    }
  ],
  "global_findings": []
}