{
  "timestamp_local": "2026-03-06T17:36:47",
  "out_root": "C:\\Users\\micha\\zGTFinal\\outputs\\publication_phd_final",
  "settings": {
    "fds": [
      1
    ],
    "seed_list": [
      41,
      42,
      43
    ],
    "alphas": [
      0.01,
      0.05,
      0.1
    ],
    "synthetic_rhos": [
      0.5,
      1.0,
      1.5
    ],
    "synthetic_sigmas": [
      3.0,
      5.0,
      8.0
    ],
    "reuse": true,
    "refresh_evidence_mode": false,
    "baseline_calibration_source": "dev_holdout"
  },
  "total_wall_seconds": 140.4457283000229,
  "timings_seconds": {
    "baseline_fd001_sec": 0.0,
    "deep_check_results_sec": 0.20816109998850152,
    "deep_check_regimes_sec": 0.2160149000119418,
    "topology_landscape_sec": 6.262896900007036,
    "seed_fd001_0041_sec": 0.0,
    "seed_fd001_0042_sec": 0.0,
    "seed_fd001_0043_sec": 0.0,
    "split_val_fd001_sec": 0.0,
    "split_dev_holdout_fd001_sec": 0.0,
    "evidence_fixed_tau_fd001_sec": 9.796991100069135,
    "evidence_marginal_rul_fd001_sec": 14.916914600005839,
    "alpha_a0p01_fd001_sec": 10.0338158000377,
    "alpha_a0p05_fd001_sec": 9.733692500041798,
    "alpha_a0p1_fd001_sec": 10.277421000006143,
    "policy_m0p0_b4_mb64_fd001_sec": 10.097926500020549,
    "policy_m0p0_b4_mb128_fd001_sec": 9.602572799951304,
    "policy_m0p0_b8_mb64_fd001_sec": 9.6075012999936,
    "policy_m0p0_b8_mb128_fd001_sec": 10.571508300025016,
    "policy_m0p08_b4_mb64_fd001_sec": 9.278211199969519,
    "policy_m0p08_b4_mb128_fd001_sec": 9.297868800058495,
    "policy_m0p08_b8_mb64_fd001_sec": 9.940447700035293,
    "policy_m0p08_b8_mb128_fd001_sec": 9.835661999997683,
    "deep_check_all_sec": 0.6107633000356145
  },
  "baseline": [
    {
      "fd": 1,
      "run_dir": "C:\\Users\\micha\\zGTFinal\\outputs\\publication_phd_final\\strict_main\\fd001",
      "rmse": 18.82953547621396,
      "mae": 14.742656707763672,
      "rul_cov": 0.9652699844719125,
      "tau_v": 0.0898876404494382,
      "alert_rate": 0.01,
      "p_all_frac_02": 0.16633974107493135,
      "p_healthy_frac_02": 0.16324798415617484,
      "calibration_source": "dev_holdout"
    }
  ],
  "seed_repro": {
    "rows": [
      {
        "fd": 1,
        "run_dir": "C:\\Users\\micha\\zGTFinal\\outputs\\publication_phd_final\\seed_repro\\seed_0041\\fd001",
        "rmse": 18.712411280684805,
        "mae": 13.700429916381836,
        "rul_cov": 0.9845753922799646,
        "tau_v": 0.056179775280898875,
        "alert_rate": 0.0,
        "p_all_frac_02": 0.04913691643781875,
        "p_healthy_frac_02": 0.030555948507568254,
        "calibration_source": "dev_holdout"
      },
      {
        "fd": 1,
        "run_dir": "C:\\Users\\micha\\zGTFinal\\outputs\\publication_phd_final\\seed_repro\\seed_0042\\fd001",
        "rmse": 18.83074489033825,
        "mae": 14.740508079528809,
        "rul_cov": 0.9652699844719125,
        "tau_v": 0.0898876404494382,
        "alert_rate": 0.01,
        "p_all_frac_02": 0.16633974107493135,
        "p_healthy_frac_02": 0.16324798415617484,
        "calibration_source": "dev_holdout"
      },
      {
        "fd": 1,
        "run_dir": "C:\\Users\\micha\\zGTFinal\\outputs\\publication_phd_final\\seed_repro\\seed_0043\\fd001",
        "rmse": 18.44012587233341,
        "mae": 14.292031288146973,
        "rul_cov": 0.9866785829035496,
        "tau_v": 0.056179775280898875,
        "alert_rate": 0.0,
        "p_all_frac_02": 0.08640643389564535,
        "p_healthy_frac_02": 0.043994907341915405,
        "calibration_source": "dev_holdout"
      }
    ],
    "summary": [
      {
        "fd": 1,
        "n": 3,
        "rmse_mean": 18.661094014452157,
        "rmse_std": 0.20030202362173088,
        "rul_cov_mean": 0.9788413198851421,
        "rul_cov_std": 0.011800072515606497,
        "tau_v_mean": 0.06741573033707865,
        "tau_v_std": 0.01946124502886379
      }
    ]
  },
  "split_robustness": [
    {
      "fd": 1,
      "run_dir": "C:\\Users\\micha\\zGTFinal\\outputs\\publication_phd_final\\split_robustness\\val\\fd001",
      "rmse": 17.45528327076075,
      "mae": 13.2857027053833,
      "rul_cov": 0.9816759149506749,
      "tau_v": 0.056179775280898875,
      "alert_rate": 0.0,
      "p_all_frac_02": 0.10553158101216163,
      "p_healthy_frac_02": 0.08049229028151082,
      "calibration_source": "val"
    },
    {
      "fd": 1,
      "run_dir": "C:\\Users\\micha\\zGTFinal\\outputs\\publication_phd_final\\split_robustness\\dev_holdout\\fd001",
      "rmse": 18.831466767753383,
      "mae": 14.738515853881836,
      "rul_cov": 0.9651612888197385,
      "tau_v": 0.0898876404494382,
      "alert_rate": 0.01,
      "p_all_frac_02": 0.16584935268732837,
      "p_healthy_frac_02": 0.16254067053331447,
      "calibration_source": "dev_holdout"
    }
  ],
  "evidence_mode": [
    {
      "fd": 1,
      "run_dir": "C:\\Users\\micha\\zGTFinal\\outputs\\publication_phd_final\\evidence_mode\\fixed_tau\\fd001",
      "rmse": 18.82953547621396,
      "mae": 14.742656707763672,
      "rul_cov": 0.9652699844719125,
      "tau_v": 0.0898876404494382,
      "alert_rate": 0.01,
      "p_all_frac_02": 0.16633974107493135,
      "p_healthy_frac_02": 0.16324798415617484
    },
    {
      "fd": 1,
      "run_dir": "C:\\Users\\micha\\zGTFinal\\outputs\\publication_phd_final\\evidence_mode\\marginal_rul\\fd001",
      "rmse": 18.82953547621396,
      "mae": 14.742656707763672,
      "rul_cov": 0.8530523909130535,
      "tau_v": 0.0,
      "alert_rate": 0.04,
      "p_all_frac_02": 0.16633974107493135,
      "p_healthy_frac_02": 0.16324798415617484
    }
  ],
  "evidence_mode_deltas": [
    {
      "fd": 1,
      "delta_rul_cov_marginal_minus_fixed": -0.11221759355885896,
      "delta_tau_v_marginal_minus_fixed": -0.0898876404494382
    }
  ],
  "alpha_sweep": [
    {
      "fd": 1,
      "run_dir": "C:\\Users\\micha\\zGTFinal\\outputs\\publication_phd_final\\alpha_sweep\\a0p01\\fd001",
      "rmse": 18.82953547621396,
      "mae": 14.742656707763672,
      "rul_cov": 0.9866508727020308,
      "tau_v": 0.0449438202247191,
      "alert_rate": 0.0,
      "p_all_frac_02": 0.16633974107493135,
      "p_healthy_frac_02": 0.16324798415617484
    },
    {
      "fd": 1,
      "run_dir": "C:\\Users\\micha\\zGTFinal\\outputs\\publication_phd_final\\alpha_sweep\\a0p05\\fd001",
      "rmse": 18.82953547621396,
      "mae": 14.742656707763672,
      "rul_cov": 0.9652699844719125,
      "tau_v": 0.0898876404494382,
      "alert_rate": 0.01,
      "p_all_frac_02": 0.16633974107493135,
      "p_healthy_frac_02": 0.16324798415617484
    },
    {
      "fd": 1,
      "run_dir": "C:\\Users\\micha\\zGTFinal\\outputs\\publication_phd_final\\alpha_sweep\\a0p1\\fd001",
      "rmse": 18.82953547621396,
      "mae": 14.742656707763672,
      "rul_cov": 0.9511377880644869,
      "tau_v": 0.11235955056179775,
      "alert_rate": 0.01,
      "p_all_frac_02": 0.16633974107493135,
      "p_healthy_frac_02": 0.16324798415617484
    }
  ],
  "policy_sweep": [
    {
      "fd": 1,
      "run_dir": "C:\\Users\\micha\\zGTFinal\\outputs\\publication_phd_final\\policy_sweep\\m0p0_b4_mb64\\fd001",
      "rmse": 18.82953547621396,
      "mae": 14.742656707763672,
      "rul_cov": 0.948048031161955,
      "tau_v": 0.11235955056179775,
      "alert_rate": 0.03,
      "p_all_frac_02": 0.234209493919184,
      "p_healthy_frac_02": 0.23341349554392418
    },
    {
      "fd": 1,
      "run_dir": "C:\\Users\\micha\\zGTFinal\\outputs\\publication_phd_final\\policy_sweep\\m0p0_b4_mb128\\fd001",
      "rmse": 18.82953547621396,
      "mae": 14.742656707763672,
      "rul_cov": 0.948048031161955,
      "tau_v": 0.11235955056179775,
      "alert_rate": 0.03,
      "p_all_frac_02": 0.2343075715967046,
      "p_healthy_frac_02": 0.23355495826849626
    },
    {
      "fd": 1,
      "run_dir": "C:\\Users\\micha\\zGTFinal\\outputs\\publication_phd_final\\policy_sweep\\m0p0_b8_mb64\\fd001",
      "rmse": 18.82953547621396,
      "mae": 14.742656707763672,