{
  "fd": 2,
  "checkpoint": "C:\\Users\\micha\\zGTFinal\\outputs\\final_local_fd002\\model_fd002.pt",
  "calibration_file": "C:\\Users\\micha\\zGTFinal\\outputs\\final_local_fd002\\calibration_bundle_fd002.npz",
  "checkpoint_leakage_flag": true,
  "calibration_size": 9148,
  "pred_source": "cache:outputs\\phd_ultra\\fd002\\fulltopo\\audit_cache_fd002.npz",
  "tem_fleet_source": "tem_metrics:outputs\\phd_ultra\\fd002\\fulltopo\\tem_metrics_fd002.json",
  "num_runs": 259,
  "num_points": 26511,
  "use_conditional_calibration": true,
  "cap_implied_rul": true,
  "compute_tau_diagnostics": true,
  "predict_batch_size": 8192,
  "pvalue_safety_margin": 0.02,
  "pvalue_all": {
    "n": 26511,
    "mean_p": 0.5147965157041866,
    "frac_le_0.1": 0.08554939459092452,
    "frac_le_0.2": 0.19365546376975595,
    "frac_le_0.5": 0.4984346120478292,
    "superuniform_margin_0.1": 0.014450605409075487,
    "superuniform_margin_0.2": 0.006344536230244058,
    "superuniform_margin_0.5": 0.0015653879521708158
  },
  "pvalue_healthy_prefix": {
    "n": 17850,
    "mean_p": 0.5266807760429387,
    "frac_le_0.1": 0.0773109243697479,
    "frac_le_0.2": 0.1785434173669468,
    "frac_le_0.5": 0.4788795518207283,
    "superuniform_margin_0.1": 0.022689075630252103,
    "superuniform_margin_0.2": 0.021456582633053223,
    "superuniform_margin_0.5": 0.021120448179271722
  },
  "tem_fleet": {
    "num_engines": 259,
    "num_tau_diagnostics_engines": 202,
    "num_alerted": 0,
    "alert_rate": 0.0,
    "mean_first_alert_step": -1.0,
    "mean_temporal_rul_coverage": 0.9566765388814051,
    "mean_temporal_tau_coverage": 0.9444516018330887,
    "tau_anytime_violation_rate": 0.16336633663366337
  },
  "notes": {
    "superuniform_reference": {
      "frac_le_0.1_should_be_<=~": 0.1,
      "frac_le_0.2_should_be_<=~": 0.2,
      "frac_le_0.5_should_be_<=~": 0.5
    }
  }
}