{
  "artifact_root": "C:\\Users\\micha\\zGTFinal\\outputs\\strict_modal_or_local_phd",
  "gates": {
    "deep_check_report_findings": 0,
    "regime_findings": 0,
    "deep_check_per_fd_total_findings": 0,
    "topology_high_medium_findings": 0
  },
  "policy": {
    "fd001": {
      "margin": 0.08,
      "bins": 8,
      "min_bin": 128
    },
    "fd002": {
      "margin": 0.08,
      "bins": 16,
      "min_bin": 128
    },
    "fd003": {
      "margin": 0.14,
      "bins": 12,
      "min_bin": 128
    },
    "fd004": {
      "margin": 0.25,
      "bins": 12,
      "min_bin": 128
    }
  },
  "topology_findings": [],
  "topology_notes": [
    "Mean gamma is lower at low RUL than high RUL, but this is not coupled to a material near-failure coverage/persistence deterioration."
  ],
  "topology_global": {
    "num_steps_total": 84495,
    "num_runs_total": 707,
    "rul_bin_means": {
      "low_rul": {
        "n": 2574,
        "mean_gamma": 56.02260503340319,
        "mean_max_persistence": 0.024426142024791948,
        "mean_local_minima": 2.357031857031857,
        "mean_width": 104.8935508935509,
        "mean_rul_coverage": 0.9677544677544677,
        "mean_persistent_valleys": 0.012043512043512044
      },
      "mid_rul": {
        "n": 12196,
        "mean_gamma": 67.9539625534217,
        "mean_max_persistence": 0.055980635920014975,
        "mean_local_minima": 2.588471630042637,
        "mean_width": 112.39668743850443,
        "mean_rul_coverage": 0.9735979009511315,
        "mean_persistent_valleys": 0.025418169891767792
      },
      "high_rul": {
        "n": 69725,
        "mean_gamma": 85.8648851308851,
        "mean_max_persistence": 0.05625932680583037,
        "mean_local_minima": 3.739935460738616,
        "mean_width": 120.41128719971316,
        "mean_rul_coverage": 0.987551093581929,
        "mean_persistent_valleys": 0.025041233416995337
      }
    }
  },
  "topology_associations": {
    "corr_mean_gamma_vs_pred_mae": {
      "corr": 0.0036072890641530085,
      "ci_low": -0.05916927589686007,
      "ci_high": 0.12413743162492703
    },
    "corr_ridge_tv_vs_pred_mae": {
      "corr": -0.025676156692194942,
      "ci_low": -0.08819411301659819,
      "ci_high": 0.04205421301070998
    },
    "corr_surface_h1_vs_rul_coverage": {
      "corr": -0.347059393090417,
      "ci_low": -0.4308165341352318,
      "ci_high": -0.24161862357798874
    },
    "corr_mean_gamma_vs_tau_violation_flag": {
      "corr": -0.00906568639762298,
      "ci_low": -0.027849010855058857,
      "ci_high": 0.027633602301526804
    },
    "corr_surface_superlevel_h1_vs_rul_coverage": {
      "corr": -0.347059393090417,
      "ci_low": -0.4322139724990089,
      "ci_high": -0.24414557565975967
    }
  },
  "runs": [
    {
      "fd": 1,
      "run_dir": "C:\\Users\\micha\\zGTFinal\\outputs\\strict_modal_or_local_phd\\fd001",
      "policy": {
        "margin": 0.08,
        "bins": 8,
        "min_bin": 128
      },
      "train": {
        "rmse": 16.78335647859212,
        "mae": 12.6533203125,
        "train_s": 13.801585700013675
      },
      "tem": {
        "alert_rate": 0.0,
        "rul_cov": 0.9927670497442304,
        "tau_cov": 0.9941618952598511,
        "tau_v": 0.0449438202247191
      },
      "audit": {
        "p_all_le_02": 0.1196547665751275,
        "healthy_mean_p": 0.6397793726701267
      }
    },
    {
      "fd": 2,
      "run_dir": "C:\\Users\\micha\\zGTFinal\\outputs\\strict_modal_or_local_phd\\fd002",
      "policy": {
        "margin": 0.08,
        "bins": 16,
        "min_bin": 128
      },
      "train": {
        "rmse": 21.172384088075034,
        "mae": 16.864215850830078,
        "train_s": 18.458785900002113
      },
      "tem": {
        "alert_rate": 0.0,
        "rul_cov": 0.9761902465851916,
        "tau_cov": 0.9694716527998247,
        "tau_v": 0.09405940594059406
      },
      "audit": {
        "p_all_le_02": 0.12530647655690091,
        "healthy_mean_p": 0.5830069582515984
      }
    },
    {
      "fd": 3,
      "run_dir": "C:\\Users\\micha\\zGTFinal\\outputs\\strict_modal_or_local_phd\\fd003",
      "policy": {
        "margin": 0.14,
        "bins": 12,
        "min_bin": 128
      },
      "train": {
        "rmse": 20.81828935995943,
        "mae": 14.9354887008667,
        "train_s": 13.916735600010725
      },
      "tem": {
        "alert_rate": 0.0,
        "rul_cov": 0.9893396619841155,
        "tau_cov": 0.9874584258636654,
        "tau_v": 0.047058823529411764
      },
      "audit": {
        "p_all_le_02": 0.07104264018691589,
        "healthy_mean_p": 0.6708331180342532
      }
    },
    {
      "fd": 4,
      "run_dir": "C:\\Users\\micha\\zGTFinal\\outputs\\strict_modal_or_local_phd\\fd004",
      "policy": {
        "margin": 0.25,
        "bins": 12,
        "min_bin": 128
      },
      "train": {
        "rmse": 24.461632647356012,
        "mae": 18.056167602539062,
        "train_s": 19.410550100001274
      },
      "tem": {
        "alert_rate": 0.0,
        "rul_cov": 0.999188865474325,
        "tau_cov": 0.9988886112576388,
        "tau_v": 0.011049723756906077
      },
      "audit": {
        "p_all_le_02": 0.0,
        "healthy_mean_p": 0.7419533297356079
      }
    }
  ],
  "manifest": {
    "runs": [
      {
        "fd": 1,
        "cmd": "C:\\Users\\micha\\AppData\\Local\\Programs\\Python\\Python313\\python.exe C:\\Users\\micha\\zGTFinal\\scripts\\run_modal_h100_then_local.py --fd 1 --strict-policy --epochs 15 --run-tag strict_modal_fd001_phd --local-out-dir C:\\Users\\micha\\zGTFinal\\outputs\\strict_modal_or_local_phd\\fd001 --surface-topology-scope all",
        "return_code": 0,
        "seconds": 38.11273670196533,
        "local_out_dir": "C:\\Users\\micha\\zGTFinal\\outputs\\strict_modal_or_local_phd\\fd001"
      },
      {
        "fd": 2,
        "cmd": "C:\\Users\\micha\\AppData\\Local\\Programs\\Python\\Python313\\python.exe C:\\Users\\micha\\zGTFinal\\scripts\\run_modal_h100_then_local.py --fd 2 --strict-policy --epochs 15 --run-tag strict_modal_fd002_phd --local-out-dir C:\\Users\\micha\\zGTFinal\\outputs\\strict_modal_or_local_phd\\fd002 --surface-topology-scope all",
        "return_code": 0,
        "seconds": 52.2474262714386,
        "local_out_dir": "C:\\Users\\micha\\zGTFinal\\outputs\\strict_modal_or_local_phd\\fd002"
      },
      {
        "fd": 3,
        "cmd": "C:\\Users\\micha\\AppData\\Local\\Programs\\Python\\Python313\\python.exe C:\\Users\\micha\\zGTFinal\\scripts\\run_modal_h100_then_local.py --fd 3 --strict-policy --epochs 15 --run-tag strict_modal_fd003_phd --local-out-dir C:\\Users\\micha\\zGTFinal\\outputs\\strict_modal_or_local_phd\\fd003 --surface-topology-scope all",
        "return_code": 0,
        "seconds": 40.287843227386475,
        "local_out_dir": "C:\\Users\\micha\\zGTFinal\\outputs\\strict_modal_or_local_phd\\fd003"
      },
      {
        "fd": 4,
        "cmd": "C:\\Users\\micha\\AppData\\Local\\Programs\\Python\\Python313\\python.exe C:\\Users\\micha\\zGTFinal\\scripts\\run_modal_h100_then_local.py --fd 4 --strict-policy --epochs 15 --run-tag strict_modal_fd004_phd --local-out-dir C:\\Users\\micha\\zGTFinal\\outputs\\strict_modal_or_local_phd\\fd004 --surface-topology-scope all",
        "return_code": 0,
        "seconds": 55.23763966560364,
        "local_out_dir": "C:\\Users\\micha\\zGTFinal\\outputs\\strict_modal_or_local_phd\\fd004"
      }
    ],
    "all_ok": true,
    "total_seconds": 185.88564586639404
  }
}