{
  "fd": 2,
  "checkpoint": "C:\\Users\\micha\\zGTFinal\\outputs\\final_local_fd002\\model_fd002.pt",
  "calibration_file": "C:\\Users\\micha\\zGTFinal\\outputs\\final_local_fd002\\calibration_bundle_fd002.npz",
  "checkpoint_leakage_flag": true,
  "calibration_size": 9148,
  "pred_source": "cache:outputs\\phd_ultra\\fd002\\ablation\\m0p05_b12_mbs512\\audit_cache_fd002.npz",
  "tem_fleet_source": "tem_metrics:outputs\\phd_ultra\\fd002\\ablation\\m0p05_b12_mbs512\\tem_metrics_fd002.json",
  "num_runs": 259,
  "num_points": 26511,
  "use_conditional_calibration": true,
  "cap_implied_rul": true,
  "compute_tau_diagnostics": true,
  "predict_batch_size": 8192,
  "pvalue_safety_margin": 0.05,
  "pvalue_all": {
    "n": 26511,
    "mean_p": 0.5423353442669606,
    "frac_le_0.1": 0.04684847799026819,
    "frac_le_0.2": 0.15914148843876127,
    "frac_le_0.5": 0.47078571159141486,
    "superuniform_margin_0.1": 0.05315152200973181,
    "superuniform_margin_0.2": 0.040858511561238736,
    "superuniform_margin_0.5": 0.029214288408585143
  },
  "pvalue_healthy_prefix": {
    "n": 17850,
    "mean_p": 0.5493387503706831,
    "frac_le_0.1": 0.04481792717086835,
    "frac_le_0.2": 0.1458263305322129,
    "frac_le_0.5": 0.4603361344537815,
    "superuniform_margin_0.1": 0.05518207282913166,
    "superuniform_margin_0.2": 0.05417366946778712,
    "superuniform_margin_0.5": 0.03966386554621848
  },
  "tem_fleet": {
    "num_engines": 259,
    "num_tau_diagnostics_engines": 202,
    "num_alerted": 0,
    "alert_rate": 0.0,
    "mean_first_alert_step": -1.0,
    "mean_temporal_rul_coverage": 0.9636786043995166,
    "mean_temporal_tau_coverage": 0.9534294977201723,
    "tau_anytime_violation_rate": 0.13366336633663367
  },
  "notes": {
    "superuniform_reference": {
      "frac_le_0.1_should_be_<=~": 0.1,
      "frac_le_0.2_should_be_<=~": 0.2,
      "frac_le_0.5_should_be_<=~": 0.5
    }
  }
}