{
  "fd": 3,
  "checkpoint": "C:\\Users\\micha\\zGTFinal\\outputs\\final_local_fd003\\model_fd003.pt",
  "calibration_file": "C:\\Users\\micha\\zGTFinal\\outputs\\final_local_fd003\\calibration_bundle_fd003.npz",
  "checkpoint_leakage_flag": true,
  "calibration_size": 4361,
  "pred_source": "cache:outputs\\phd_ultra\\fd003\\ablation\\m0p01_b8_mbs512\\audit_cache_fd003.npz",
  "tem_fleet_source": "tem_metrics:outputs\\phd_ultra\\fd003\\ablation\\m0p01_b8_mbs512\\tem_metrics_fd003.json",
  "num_runs": 100,
  "num_points": 13696,
  "use_conditional_calibration": true,
  "cap_implied_rul": true,
  "compute_tau_diagnostics": true,
  "predict_batch_size": 8192,
  "pvalue_safety_margin": 0.01,
  "pvalue_all": {
    "n": 13696,
    "mean_p": 0.5704824787973112,
    "frac_le_0.1": 0.0833089953271028,
    "frac_le_0.2": 0.1745035046728972,
    "frac_le_0.5": 0.419027453271028,
    "superuniform_margin_0.1": 0.016691004672897206,
    "superuniform_margin_0.2": 0.025496495327102825,
    "superuniform_margin_0.5": 0.08097254672897197
  },
  "pvalue_healthy_prefix": {
    "n": 10457,
    "mean_p": 0.6162216483867715,
    "frac_le_0.1": 0.050492493066845175,
    "frac_le_0.2": 0.13435975901310127,
    "frac_le_0.5": 0.3668356125083676,
    "superuniform_margin_0.1": 0.04950750693315483,
    "superuniform_margin_0.2": 0.06564024098689875,
    "superuniform_margin_0.5": 0.1331643874916324
  },
  "tem_fleet": {
    "num_engines": 100,
    "num_tau_diagnostics_engines": 85,
    "num_alerted": 1,
    "alert_rate": 0.01,
    "mean_first_alert_step": 255.0,
    "mean_temporal_rul_coverage": 0.9634309445663337,
    "mean_temporal_tau_coverage": 0.960095937618791,
    "tau_anytime_violation_rate": 0.1411764705882353
  },
  "notes": {
    "superuniform_reference": {
      "frac_le_0.1_should_be_<=~": 0.1,
      "frac_le_0.2_should_be_<=~": 0.2,
      "frac_le_0.5_should_be_<=~": 0.5
    }
  }
}