{
  "device": "cuda",
  "epochs": 15,
  "best_val_rmse": 23.03160123372138,
  "final_val_rmse": 23.03160123372138,
  "test_last_rmse": 22.437438495414785,
  "test_last_mae": 17.561466217041016,
  "training_seconds": 18.58903969998937,
  "num_train_samples": 29499,
  "num_val_samples": 9148,
  "num_test_samples": 259,
  "calibration_size": 7572,
  "calibration_bundle_path": "C:\\Users\\micha\\zGTFinal\\outputs\\publication_phd_final\\seed_repro\\seed_0043\\fd002\\calibration_bundle_fd002.npz",
  "calibration_source": "dev_holdout",
  "calibration_fraction": 0.2,
  "calibration_rul_floor": 1.0,
  "leakage_check_passed": true,
  "num_train_runs": 166,
  "num_calibration_runs": 42,
  "train_run_indices": [
    0,
    1,
    2,
    3,
    4,
    6,
    8,
    9,
    10,
    11,
    12,
    13,
    15,
    16,
    17,
    18,
    19,
    20,
    21,
    22,
    24,
    25,
    26,
    27,
    28,
    29,
    31,
    34,
    36,
    39,
    40,
    41,
    42,
    43,
    45,
    46,
    47,
    48,
    49,
    50,
    51,
    53,
    54,
    56,
    57,
    60,
    61,
    62,
    63,
    67,
    68,
    69,
    70,
    72,
    73,
    74,
    75,
    76,
    77,
    78,
    79,
    80,
    81,
    82,
    83,
    84,
    85,
    87,
    88,
    89,
    90,
    91,
    92,
    94,
    95,
    98,
    99,
    101,
    105,
    106,
    107,
    109,
    110,
    111,
    112,
    113,
    114,
    115,
    116,
    117,
    118,
    119,
    120,
    121,
    122,
    124,
    125,
    126,
    127,
    128,
    129,
    130,
    132,
    134,
    135,
    136,
    137,
    138,
    139,
    140,
    141,
    142,
    143,
    144,
    145,
    147,
    148,
    149,
    150,
    151,
    152,
    153,
    154,
    157,
    158,
    159,
    160,
    161,
    163,
    164,
    165,
    166,
    167,
    168,
    169,
    170,
    171,
    172,
    173,
    174,
    175,
    176,
    178,
    180,
    181,
    182,
    184,
    185,
    186,
    187,
    189,
    191,
    192,
    193,
    194,
    196,
    197,
    198,
    199,
    200,
    201,
    202,
    203,
    204,
    206,
    207
  ],
  "calibration_run_indices": [
    5,
    7,
    14,
    23,
    30,
    32,
    33,
    35,
    37,
    38,
    44,
    52,
    55,
    58,
    59,
    64,
    65,
    66,
    71,
    86,
    93,
    96,
    97,
    100,
    102,
    103,
    104,
    108,
    123,
    131,
    133,
    146,
    155,
    156,
    162,
    177,
    179,
    183,
    188,
    190,
    195,
    205
  ],
  "history": [
    {
      "epoch": 1,
      "train_loss": 73.31759999593099,
      "val_rmse": 84.17952153114241,
      "lr": 0.0029672214011007086
    },
    {
      "epoch": 2,
      "train_loss": 50.38221257527669,
      "val_rmse": 33.9142810794958,
      "lr": 0.0028703181864639014
    },
    {
      "epoch": 3,
      "train_loss": 20.504729080200196,
      "val_rmse": 72.89997549817458,
      "lr": 0.0027135254915624215
    },
    {
      "epoch": 4,
      "train_loss": 16.089786211649578,
      "val_rmse": 34.144237359345624,
      "lr": 0.002503695909538288
    },
    {
      "epoch": 5,
      "train_loss": 14.621382268269857,
      "val_rmse": 36.77244944750135,
      "lr": 0.0022500000000000003
    },
    {
      "epoch": 6,
      "train_loss": 14.061311213175456,
      "val_rmse": 23.03160123372138,
      "lr": 0.0019635254915624217
    },
    {
      "epoch": 7,
      "train_loss": 13.348796526590982,
      "val_rmse": 27.60482243338086,
      "lr": 0.0016567926949014808
    },
    {
      "epoch": 8,
      "train_loss": 12.79327138264974,
      "val_rmse": 24.94042125987941,
      "lr": 0.0013432073050985206
    },
    {
      "epoch": 9,
      "train_loss": 12.208430862426757,
      "val_rmse": 24.49247984706348,
      "lr": 0.0010364745084375795
    },
    {
      "epoch": 10,
      "train_loss": 11.686554908752441,
      "val_rmse": 24.050583899781305,
      "lr": 0.0007500000000000007
    },
    {
      "epoch": 11,
      "train_loss": 11.415220324198405,
      "val_rmse": 24.697125150126748,
      "lr": 0.0004963040904617134
    },
    {
      "epoch": 12,
      "train_loss": 11.121033541361491,
      "val_rmse": 24.479024578071627,
      "lr": 0.0002864745084375791
    },
    {
      "epoch": 13,
      "train_loss": 10.898865636189779,
      "val_rmse": 24.20199039804688,
      "lr": 0.00012968181353609857
    },
    {
      "epoch": 14,
      "train_loss": 10.749995295206705,
      "val_rmse": 24.181336312384502,
      "lr": 3.277859889929148e-05
    },
    {
      "epoch": 15,
      "train_loss": 10.649312082926432,
      "val_rmse": 24.233975204648154,
      "lr": 0.0
    }
  ]
}