{
  "fd": 2,
  "checkpoint": "outputs\\_default_after_margin_fd002\\model_fd002.pt",
  "calibration_file": "outputs\\_default_after_margin_fd002\\calibration_bundle_fd002.npz",
  "checkpoint_leakage_flag": true,
  "calibration_size": 9148,
  "pred_source": "cache:outputs\\_default_after_margin_fd002\\audit_cache_fd002.npz",
  "tem_fleet_source": "tem_metrics:outputs\\_default_after_margin_fd002\\tem_metrics_fd002.json",
  "num_runs": 259,
  "num_points": 26511,
  "use_conditional_calibration": true,
  "cap_implied_rul": true,
  "compute_tau_diagnostics": true,
  "predict_batch_size": 8192,
  "pvalue_safety_margin": 0.02,
  "pvalue_all": {
    "n": 26511,
    "mean_p": 0.5218180129722775,
    "frac_le_0.1": 0.0828712609860058,
    "frac_le_0.2": 0.20191618573422354,
    "frac_le_0.5": 0.47961223643016104,
    "superuniform_margin_0.1": 0.0171287390139942,
    "superuniform_margin_0.2": -0.00191618573422353,
    "superuniform_margin_0.5": 0.020387763569838957
  },
  "pvalue_healthy_prefix": {
    "n": 17850,
    "mean_p": 0.5370493468323213,
    "frac_le_0.1": 0.07187675070028011,
    "frac_le_0.2": 0.17478991596638654,
    "frac_le_0.5": 0.4561904761904762,
    "superuniform_margin_0.1": 0.02812324929971989,
    "superuniform_margin_0.2": 0.025210084033613467,
    "superuniform_margin_0.5": 0.0438095238095238
  },
  "tem_fleet": {
    "num_engines": 259,
    "num_tau_diagnostics_engines": 202,
    "num_alerted": 1,
    "alert_rate": 0.003861003861003861,
    "mean_first_alert_step": 141.0,
    "mean_temporal_rul_coverage": 0.9383586612941448,
    "mean_temporal_tau_coverage": 0.9209648181939777,
    "tau_anytime_violation_rate": 0.20297029702970298
  },
  "notes": {
    "superuniform_reference": {
      "frac_le_0.1_should_be_<=~": 0.1,
      "frac_le_0.2_should_be_<=~": 0.2,
      "frac_le_0.5_should_be_<=~": 0.5
    }
  }
}