{
  "fd": 4,
  "checkpoint": "C:\\Users\\micha\\zGTFinal\\outputs\\publication_final\\strict_main\\fd004\\model_fd004.pt",
  "calibration_file": "C:\\Users\\micha\\zGTFinal\\outputs\\publication_final\\strict_main\\fd004\\calibration_bundle_fd004.npz",
  "checkpoint_leakage_flag": true,
  "calibration_size": 10727,
  "pred_source": "cache:C:\\Users\\micha\\zGTFinal\\outputs\\publication_final\\policy_sweep\\m0p0_b12_mb128\\fd004\\audit_cache_fd004.npz",
  "tem_fleet_source": "tem_metrics:C:\\Users\\micha\\zGTFinal\\outputs\\publication_final\\policy_sweep\\m0p0_b12_mb128\\fd004\\tem_metrics_fd004.json",
  "num_runs": 248,
  "num_points": 34092,
  "use_conditional_calibration": true,
  "cap_implied_rul": true,
  "compute_tau_diagnostics": true,
  "predict_batch_size": 8192,
  "pvalue_safety_margin": 0.0,
  "pvalue_all": {
    "n": 34092,
    "mean_p": 0.4941665251673624,
    "frac_le_0.1": 0.09298369118854863,
    "frac_le_0.2": 0.18675935703390825,
    "frac_le_0.5": 0.503167898627244,
    "superuniform_margin_0.1": 0.007016308811451377,
    "superuniform_margin_0.2": 0.013240642966091759,
    "superuniform_margin_0.5": -0.0031678986272439813
  },
  "pvalue_healthy_prefix": {
    "n": 26513,
    "mean_p": 0.5124137508221472,
    "frac_le_0.1": 0.0834307698110361,
    "frac_le_0.2": 0.15829970203296495,
    "frac_le_0.5": 0.47391845509749936,
    "superuniform_margin_0.1": 0.016569230188963904,
    "superuniform_margin_0.2": 0.04170029796703506,
    "superuniform_margin_0.5": 0.026081544902500642
  },
  "tem_fleet": {
    "num_engines": 248,
    "num_tau_diagnostics_engines": 181,
    "num_alerted": 3,
    "alert_rate": 0.012096774193548387,
    "mean_first_alert_step": 251.66666666666666,
    "mean_temporal_rul_coverage": 0.9455421256425025,
    "mean_temporal_tau_coverage": 0.9301336364353702,
    "tau_anytime_violation_rate": 0.20441988950276244
  },
  "notes": {
    "superuniform_reference": {
      "frac_le_0.1_should_be_<=~": 0.1,
      "frac_le_0.2_should_be_<=~": 0.2,
      "frac_le_0.5_should_be_<=~": 0.5
    }
  }
}